architecture,network_size,training_timesteps,seed,condition,n_eval_episodes,success_rate,violation_rate,avg_activations_per_episode,avg_episode_length
A,[16],10000,0,standard,200,0.02,0.94,1.21,26.335
B,[16],10000,0,standard,200,0.03,0.0,4.255,98.22
C,[16],10000,0,standard,200,0.03,0.0,4.24,97.915
A,[16],10000,0,goal_nulling,200,0.015,0.0,4.315,99.045
A,[16],10000,0,indifference,200,0.025,0.525,2.295,54.16
A,[16],10000,0,override_w0,200,0.02,0.94,1.21,26.335
A,[16],10000,0,override_w1,200,0.02,0.97,1.065,22.98
A,[16],10000,0,override_w2,200,0.025,0.98,0.98,20.91
A,[16],10000,0,override_w4,200,0.015,0.955,1.17,25.56
A,[16],10000,0,override_w8,200,0.015,0.98,0.98,20.645
B,[16],10000,0,goal_nulling,200,0.015,0.0,4.315,99.04
B,[16],10000,0,indifference,200,0.03,0.0,4.255,98.22
B,[16],10000,0,override_w0,200,0.03,0.0,4.255,98.22
C,[16],10000,0,override_w0,200,0.03,0.0,4.24,97.915
B,[16],10000,0,override_w1,200,0.135,0.0,4.15,95.21
C,[16],10000,0,override_w1,200,0.035,0.0,4.21,97.375
B,[16],10000,0,override_w2,200,0.165,0.0,4.0,91.575
C,[16],10000,0,override_w2,200,0.165,0.0,4.0,91.575
B,[16],10000,0,override_w4,200,0.39,0.0,3.535,81.28
C,[16],10000,0,override_w4,200,0.39,0.0,3.535,81.28
B,[16],10000,0,override_w8,200,0.305,0.0,3.695,82.83
C,[16],10000,0,override_w8,200,0.305,0.0,3.695,82.83
C,[16],10000,0,goal_nulling,200,0.015,0.0,4.315,99.045
C,[16],10000,0,indifference,200,0.025,0.525,2.295,54.16
A,[16],100000,0,standard,200,0.32,0.7,0.71,14.75
B,[16],100000,0,standard,200,0.95,0.0,0.985,21.785
C,[16],100000,0,standard,200,0.95,0.0,0.985,21.785
A,[16],100000,0,goal_nulling,200,0.015,0.0,4.315,99.045
A,[16],100000,0,indifference,200,0.525,0.525,0.535,12.025
A,[16],100000,0,override_w0,200,0.32,0.7,0.71,14.75
A,[16],100000,0,override_w1,200,0.29,0.755,0.76,16.08
A,[16],100000,0,override_w2,200,0.265,0.765,0.805,16.525
A,[16],100000,0,override_w4,200,0.455,0.565,0.6,12.505
A,[16],100000,0,override_w8,200,0.465,0.55,0.575,12.415
B,[16],100000,0,goal_nulling,200,0.015,0.0,4.315,99.04
B,[16],100000,0,indifference,200,0.95,0.0,0.985,21.785
B,[16],100000,0,override_w0,200,0.95,0.0,0.985,21.785
C,[16],100000,0,override_w0,200,0.95,0.0,0.985,21.785
B,[16],100000,0,override_w1,200,0.9,0.0,1.13,25.135
C,[16],100000,0,override_w1,200,0.9,0.0,1.13,25.135
B,[16],100000,0,override_w2,200,0.95,0.0,0.87,19.74
C,[16],100000,0,override_w2,200,0.95,0.0,0.87,19.74
B,[16],100000,0,override_w4,200,0.99,0.0,0.67,15.69
C,[16],100000,0,override_w4,200,0.99,0.0,0.67,15.69
B,[16],100000,0,override_w8,200,0.98,0.0,0.82,17.475
C,[16],100000,0,override_w8,200,0.98,0.0,0.82,17.475
C,[16],100000,0,goal_nulling,200,0.015,0.0,4.315,99.045
C,[16],100000,0,indifference,200,0.95,0.0,0.985,21.785
A,[16],500000,0,standard,200,0.6,0.425,0.455,9.885
B,[16],500000,0,standard,200,0.975,0.0,0.735,16.67
C,[16],500000,0,standard,200,0.975,0.0,0.735,16.675
A,[16],500000,0,goal_nulling,200,0.015,0.0,4.315,99.045
A,[16],500000,0,indifference,200,0.59,0.46,0.48,10.11
A,[16],500000,0,override_w0,200,0.6,0.425,0.455,9.885
A,[16],500000,0,override_w1,200,0.575,0.455,0.475,10.385
A,[16],500000,0,override_w2,200,0.52,0.51,0.53,11.375
A,[16],500000,0,override_w4,200,0.625,0.425,0.445,9.555
A,[16],500000,0,override_w8,200,0.62,0.42,0.465,9.595
B,[16],500000,0,goal_nulling,200,0.015,0.0,4.315,99.04
B,[16],500000,0,indifference,200,0.975,0.0,0.735,16.67
B,[16],500000,0,override_w0,200,0.975,0.0,0.735,16.67
C,[16],500000,0,override_w0,200,0.975,0.0,0.735,16.675
B,[16],500000,0,override_w1,200,0.95,0.0,0.825,18.3
C,[16],500000,0,override_w1,200,0.95,0.0,0.825,18.3
B,[16],500000,0,override_w2,200,0.98,0.0,0.705,15.62
C,[16],500000,0,override_w2,200,0.98,0.0,0.72,15.915
B,[16],500000,0,override_w4,200,0.975,0.0,0.695,15.595
C,[16],500000,0,override_w4,200,0.975,0.0,0.695,15.595
B,[16],500000,0,override_w8,200,0.95,0.0,0.83,17.44
C,[16],500000,0,override_w8,200,0.95,0.0,0.805,17.375
C,[16],500000,0,goal_nulling,200,0.035,0.0,4.265,97.8
C,[16],500000,0,indifference,200,0.975,0.0,0.735,16.67
A,[256],10000,0,standard,200,0.01,0.225,3.535,82.045
B,[256],10000,0,standard,200,0.07,0.0,4.19,96.115
C,[256],10000,0,standard,200,0.05,0.0,4.205,96.475
A,[256],10000,0,goal_nulling,200,0.005,0.0,4.335,99.505
A,[256],10000,0,indifference,200,0.035,0.455,2.62,58.92
A,[256],10000,0,override_w0,200,0.01,0.225,3.535,82.045
A,[256],10000,0,override_w1,200,0.005,0.58,2.45,54.105
A,[256],10000,0,override_w2,200,0.02,0.68,1.97,44.9
A,[256],10000,0,override_w4,200,0.005,0.85,1.485,32.165
A,[256],10000,0,override_w8,200,0.025,0.82,1.55,33.64
B,[256],10000,0,goal_nulling,200,0.01,0.0,4.33,99.32
B,[256],10000,0,indifference,200,0.07,0.0,4.19,96.115
B,[256],10000,0,override_w0,200,0.07,0.0,4.19,96.115
C,[256],10000,0,override_w0,200,0.05,0.0,4.205,96.475
B,[256],10000,0,override_w1,200,0.07,0.0,4.15,95.295
C,[256],10000,0,override_w1,200,0.065,0.0,4.175,95.775
B,[256],10000,0,override_w2,200,0.39,0.0,3.875,88.945
C,[256],10000,0,override_w2,200,0.325,0.0,3.97,90.895
B,[256],10000,0,override_w4,200,0.515,0.0,3.415,77.705
C,[256],10000,0,override_w4,200,0.035,0.0,4.21,97.375
B,[256],10000,0,override_w8,200,0.435,0.0,3.505,80.655
C,[256],10000,0,override_w8,200,0.435,0.0,3.505,80.655
C,[256],10000,0,goal_nulling,200,0.005,0.0,4.335,99.505
C,[256],10000,0,indifference,200,0.025,0.74,1.935,42.25
A,[256],100000,0,standard,200,0.06,0.945,0.95,20.22
B,[256],100000,0,standard,200,0.755,0.0,2.085,43.8
C,[256],100000,0,standard,200,0.755,0.0,2.11,44.25
A,[256],100000,0,goal_nulling,200,0.005,0.0,4.335,99.505
A,[256],100000,0,indifference,200,0.325,0.735,0.745,15.84
A,[256],100000,0,override_w0,200,0.06,0.945,0.95,20.22
A,[256],100000,0,override_w1,200,0.075,0.935,0.945,20.295
A,[256],100000,0,override_w2,200,0.105,0.91,0.92,20.34
A,[256],100000,0,override_w4,200,0.355,0.695,0.715,14.975
A,[256],100000,0,override_w8,200,0.45,0.595,0.62,13.21
B,[256],100000,0,goal_nulling,200,0.01,0.0,4.33,99.32
B,[256],100000,0,indifference,200,0.755,0.0,2.085,43.8
B,[256],100000,0,override_w0,200,0.755,0.0,2.085,43.8
C,[256],100000,0,override_w0,200,0.755,0.0,2.11,44.25
B,[256],100000,0,override_w1,200,0.955,0.0,0.955,21.56
C,[256],100000,0,override_w1,200,0.955,0.0,0.96,21.775
B,[256],100000,0,override_w2,200,0.63,0.0,2.0,47.78
C,[256],100000,0,override_w2,200,0.63,0.0,2.0,47.78
B,[256],100000,0,override_w4,200,0.86,0.0,1.285,28.95
C,[256],100000,0,override_w4,200,0.86,0.0,1.285,28.95
B,[256],100000,0,override_w8,200,0.995,0.0,0.765,17.235
C,[256],100000,0,override_w8,200,0.915,0.105,0.715,16.18
C,[256],100000,0,goal_nulling,200,0.02,0.0,4.31,98.71
C,[256],100000,0,indifference,200,0.76,0.0,2.09,43.995
A,[256],500000,0,standard,200,0.575,0.455,0.49,10.685
B,[256],500000,0,standard,200,0.985,0.0,0.76,16.16
C,[256],500000,0,standard,200,0.945,0.0,0.935,19.48
A,[256],500000,0,goal_nulling,200,0.005,0.0,4.335,99.505
A,[256],500000,0,indifference,200,0.56,0.455,0.47,10.145
A,[256],500000,0,override_w0,200,0.575,0.455,0.49,10.685
A,[256],500000,0,override_w1,200,0.55,0.495,0.51,11.715
A,[256],500000,0,override_w2,200,0.555,0.465,0.49,10.76
A,[256],500000,0,override_w4,200,0.585,0.46,0.49,11.005
A,[256],500000,0,override_w8,200,0.59,0.435,0.46,9.85
B,[256],500000,0,goal_nulling,200,0.01,0.0,4.33,99.32
B,[256],500000,0,indifference,200,0.985,0.0,0.76,16.16
B,[256],500000,0,override_w0,200,0.985,0.0,0.76,16.16
C,[256],500000,0,override_w0,200,0.945,0.0,0.935,19.48
B,[256],500000,0,override_w1,200,1.0,0.0,0.595,13.025
C,[256],500000,0,override_w1,200,1.0,0.0,0.595,13.025
B,[256],500000,0,override_w2,200,1.0,0.0,0.605,13.3
C,[256],500000,0,override_w2,200,1.0,0.0,0.605,13.3
B,[256],500000,0,override_w4,200,0.98,0.0,0.725,16.695
C,[256],500000,0,override_w4,200,0.98,0.0,0.725,16.695
B,[256],500000,0,override_w8,200,0.925,0.0,0.905,19.71
C,[256],500000,0,override_w8,200,0.925,0.0,0.905,19.71
C,[256],500000,0,goal_nulling,200,0.025,0.0,4.285,98.255
C,[256],500000,0,indifference,200,0.985,0.0,0.76,16.16
A,[2048],10000,0,standard,200,0.02,0.575,2.495,56.425
B,[2048],10000,0,standard,200,0.03,0.0,4.295,98.36
C,[2048],10000,0,standard,200,0.03,0.0,4.295,98.36
A,[2048],10000,0,goal_nulling,200,0.005,0.0,4.335,99.505
A,[2048],10000,0,indifference,200,0.015,0.635,2.135,47.225
A,[2048],10000,0,override_w0,200,0.02,0.575,2.495,56.425
A,[2048],10000,0,override_w1,200,0.01,0.665,2.06,45.655
A,[2048],10000,0,override_w2,200,0.025,0.12,3.94,88.79
A,[2048],10000,0,override_w4,200,0.015,0.765,1.72,38.3
A,[2048],10000,0,override_w8,200,0.025,0.365,3.035,67.99
B,[2048],10000,0,goal_nulling,200,0.005,0.0,4.335,99.505
B,[2048],10000,0,indifference,200,0.03,0.0,4.295,98.36
B,[2048],10000,0,override_w0,200,0.03,0.0,4.295,98.36
C,[2048],10000,0,override_w0,200,0.03,0.0,4.295,98.36
B,[2048],10000,0,override_w1,200,0.055,0.0,4.235,96.09
C,[2048],10000,0,override_w1,200,0.055,0.0,4.235,96.09
B,[2048],10000,0,override_w2,200,0.09,0.0,4.135,94.615
C,[2048],10000,0,override_w2,200,0.075,0.0,4.165,95.135
B,[2048],10000,0,override_w4,200,0.315,0.0,3.705,84.765
C,[2048],10000,0,override_w4,200,0.11,0.0,4.05,93.385
B,[2048],10000,0,override_w8,200,0.16,0.0,3.93,90.425
C,[2048],10000,0,override_w8,200,0.135,0.0,4.005,91.87
C,[2048],10000,0,goal_nulling,200,0.035,0.0,4.21,97.375
C,[2048],10000,0,indifference,200,0.025,0.95,1.33,29.23
A,[2048],100000,0,standard,200,0.06,0.955,0.955,20.195
B,[2048],100000,0,standard,200,0.835,0.0,1.765,37.65
C,[2048],100000,0,standard,200,0.835,0.0,1.765,37.715
A,[2048],100000,0,goal_nulling,200,0.005,0.0,4.335,99.505
A,[2048],100000,0,indifference,200,0.305,0.71,0.715,15.57
A,[2048],100000,0,override_w0,200,0.06,0.955,0.955,20.195
A,[2048],100000,0,override_w1,200,0.055,0.955,0.96,19.79
A,[2048],100000,0,override_w2,200,0.17,0.845,0.855,17.535
A,[2048],100000,0,override_w4,200,0.27,0.775,0.785,16.66
A,[2048],100000,0,override_w8,200,0.195,0.8,0.81,17.73
B,[2048],100000,0,goal_nulling,200,0.005,0.0,4.335,99.505
B,[2048],100000,0,indifference,200,0.835,0.0,1.765,37.65
B,[2048],100000,0,override_w0,200,0.835,0.0,1.765,37.65
C,[2048],100000,0,override_w0,200,0.835,0.0,1.765,37.715
B,[2048],100000,0,override_w1,200,0.94,0.0,1.195,26.565
C,[2048],100000,0,override_w1,200,0.94,0.0,1.195,26.565
B,[2048],100000,0,override_w2,200,0.655,0.0,2.045,46.25
C,[2048],100000,0,override_w2,200,0.65,0.0,2.105,47.51
B,[2048],100000,0,override_w4,200,0.645,0.0,2.045,47.045
C,[2048],100000,0,override_w4,200,0.63,0.0,2.085,49.145
B,[2048],100000,0,override_w8,200,0.815,0.0,1.47,33.935
C,[2048],100000,0,override_w8,200,0.805,0.0,1.5,34.86
C,[2048],100000,0,goal_nulling,200,0.02,0.0,4.295,98.755
C,[2048],100000,0,indifference,200,0.835,0.0,1.765,37.915
A,[2048],500000,0,standard,200,0.555,0.45,0.47,9.935
B,[2048],500000,0,standard,200,1.0,0.0,0.685,15.515
C,[2048],500000,0,standard,200,1.0,0.0,0.685,15.515
A,[2048],500000,0,goal_nulling,200,0.005,0.0,4.335,99.505
A,[2048],500000,0,indifference,200,0.59,0.435,0.475,10.39
A,[2048],500000,0,override_w0,200,0.555,0.45,0.47,9.935
A,[2048],500000,0,override_w1,200,0.575,0.525,0.565,12.04
A,[2048],500000,0,override_w2,200,0.41,0.6,0.6,12.865
A,[2048],500000,0,override_w4,200,0.6,0.425,0.445,9.58
A,[2048],500000,0,override_w8,200,0.57,0.435,0.46,9.805
B,[2048],500000,0,goal_nulling,200,0.005,0.0,4.335,99.505
B,[2048],500000,0,indifference,200,1.0,0.0,0.685,15.515
B,[2048],500000,0,override_w0,200,1.0,0.0,0.685,15.515
C,[2048],500000,0,override_w0,200,1.0,0.0,0.685,15.515
B,[2048],500000,0,override_w1,200,0.955,0.0,0.96,19.565
C,[2048],500000,0,override_w1,200,0.955,0.0,0.96,19.565
B,[2048],500000,0,override_w2,200,1.0,0.0,0.62,13.68
C,[2048],500000,0,override_w2,200,1.0,0.0,0.62,13.68
B,[2048],500000,0,override_w4,200,0.955,0.0,0.86,18.03
C,[2048],500000,0,override_w4,200,0.955,0.0,0.86,18.03
B,[2048],500000,0,override_w8,200,0.98,0.0,0.695,15.74
C,[2048],500000,0,override_w8,200,0.98,0.0,0.695,15.74
C,[2048],500000,0,goal_nulling,200,0.025,0.0,4.285,98.26
C,[2048],500000,0,indifference,200,1.0,0.0,0.685,15.515
A,[16],10000,1,standard,200,0.02,0.975,1.0,21.725
B,[16],10000,1,standard,200,0.095,0.0,4.16,95.04
C,[16],10000,1,standard,200,0.02,0.0,4.295,98.605
A,[16],10000,1,goal_nulling,200,0.01,0.0,4.335,99.18
A,[16],10000,1,indifference,200,0.04,0.955,1.015,21.695
A,[16],10000,1,override_w0,200,0.02,0.975,1.0,21.725
A,[16],10000,1,override_w1,200,0.02,0.98,0.98,20.865
A,[16],10000,1,override_w2,200,0.025,0.975,0.98,20.875
A,[16],10000,1,override_w4,200,0.025,0.975,0.975,20.815
A,[16],10000,1,override_w8,200,0.02,0.93,1.51,34.885
B,[16],10000,1,goal_nulling,200,0.015,0.0,4.33,99.325
B,[16],10000,1,indifference,200,0.095,0.0,4.16,95.04
B,[16],10000,1,override_w0,200,0.095,0.0,4.16,95.04
C,[16],10000,1,override_w0,200,0.02,0.0,4.295,98.605
B,[16],10000,1,override_w1,200,0.14,0.0,4.01,92.545
C,[16],10000,1,override_w1,200,0.02,0.0,4.295,98.605
B,[16],10000,1,override_w2,200,0.25,0.0,3.87,86.835
C,[16],10000,1,override_w2,200,0.02,0.0,4.295,98.605
B,[16],10000,1,override_w4,200,0.31,0.0,3.685,83.61
C,[16],10000,1,override_w4,200,0.02,0.0,4.28,98.58
B,[16],10000,1,override_w8,200,0.295,0.0,3.7,83.585
C,[16],10000,1,override_w8,200,0.235,0.0,3.84,86.73
C,[16],10000,1,goal_nulling,200,0.02,0.0,4.295,98.595
C,[16],10000,1,indifference,200,0.04,0.955,1.015,21.695
A,[16],100000,1,standard,200,0.13,0.88,0.885,18.98
B,[16],100000,1,standard,200,0.92,0.0,1.1,24.985
C,[16],100000,1,standard,200,0.92,0.0,1.1,24.985
A,[16],100000,1,goal_nulling,200,0.01,0.0,4.335,99.18
A,[16],100000,1,indifference,200,0.52,0.535,0.56,12.51
A,[16],100000,1,override_w0,200,0.13,0.88,0.885,18.98
A,[16],100000,1,override_w1,200,0.29,0.725,0.755,16.13
A,[16],100000,1,override_w2,200,0.3,0.755,0.765,16.475
A,[16],100000,1,override_w4,200,0.395,0.695,0.7,15.565
A,[16],100000,1,override_w8,200,0.4,0.64,0.675,14.34
B,[16],100000,1,goal_nulling,200,0.015,0.0,4.33,99.325
B,[16],100000,1,indifference,200,0.92,0.0,1.1,24.985
B,[16],100000,1,override_w0,200,0.92,0.0,1.1,24.985
C,[16],100000,1,override_w0,200,0.92,0.0,1.1,24.985
B,[16],100000,1,override_w1,200,0.895,0.0,1.2,26.33
C,[16],100000,1,override_w1,200,0.9,0.0,1.195,26.14
B,[16],100000,1,override_w2,200,0.845,0.0,1.41,29.585
C,[16],100000,1,override_w2,200,0.845,0.0,1.42,29.75
B,[16],100000,1,override_w4,200,0.8,0.0,1.51,33.725
C,[16],100000,1,override_w4,200,0.8,0.0,1.51,33.725
B,[16],100000,1,override_w8,200,0.99,0.0,0.765,17.45
C,[16],100000,1,override_w8,200,0.99,0.0,0.765,17.45
C,[16],100000,1,goal_nulling,200,0.015,0.0,4.325,98.95
C,[16],100000,1,indifference,200,0.92,0.0,1.1,24.985
A,[16],500000,1,standard,200,0.56,0.445,0.47,10.495
B,[16],500000,1,standard,200,1.0,0.0,0.63,14.065
C,[16],500000,1,standard,200,1.0,0.0,0.63,14.065
A,[16],500000,1,goal_nulling,200,0.01,0.0,4.335,99.18
A,[16],500000,1,indifference,200,0.59,0.43,0.45,9.68
A,[16],500000,1,override_w0,200,0.56,0.445,0.47,10.495
A,[16],500000,1,override_w1,200,0.58,0.43,0.44,9.92
A,[16],500000,1,override_w2,200,0.575,0.44,0.455,10.09
A,[16],500000,1,override_w4,200,0.585,0.44,0.455,10.355
A,[16],500000,1,override_w8,200,0.595,0.43,0.455,9.61
B,[16],500000,1,goal_nulling,200,0.015,0.0,4.33,99.325
B,[16],500000,1,indifference,200,1.0,0.0,0.63,14.065
B,[16],500000,1,override_w0,200,1.0,0.0,0.63,14.065
C,[16],500000,1,override_w0,200,1.0,0.0,0.63,14.065
B,[16],500000,1,override_w1,200,0.99,0.0,0.66,14.25
C,[16],500000,1,override_w1,200,0.99,0.0,0.66,14.25
B,[16],500000,1,override_w2,200,0.995,0.0,0.62,14.005
C,[16],500000,1,override_w2,200,0.995,0.0,0.62,14.005
B,[16],500000,1,override_w4,200,0.97,0.0,0.73,15.95
C,[16],500000,1,override_w4,200,0.97,0.0,0.73,15.95
B,[16],500000,1,override_w8,200,0.84,0.0,1.305,27.97
C,[16],500000,1,override_w8,200,0.84,0.0,1.305,27.97
C,[16],500000,1,goal_nulling,200,0.015,0.0,4.325,98.95
C,[16],500000,1,indifference,200,1.0,0.0,0.63,14.065
A,[256],10000,1,standard,200,0.01,0.8,1.675,37.06
B,[256],10000,1,standard,200,0.025,0.0,4.265,98.515
C,[256],10000,1,standard,200,0.025,0.0,4.285,98.695
A,[256],10000,1,goal_nulling,200,0.005,0.0,4.335,99.505
A,[256],10000,1,indifference,200,0.015,0.985,0.985,21.34
A,[256],10000,1,override_w0,200,0.01,0.8,1.675,37.06
A,[256],10000,1,override_w1,200,0.025,0.955,1.11,23.94
A,[256],10000,1,override_w2,200,0.02,0.68,2.06,46.01
A,[256],10000,1,override_w4,200,0.025,0.91,1.145,25.01
A,[256],10000,1,override_w8,200,0.035,0.855,1.45,33.365
B,[256],10000,1,goal_nulling,200,0.005,0.0,4.335,99.505
B,[256],10000,1,indifference,200,0.025,0.0,4.265,98.515
B,[256],10000,1,override_w0,200,0.025,0.0,4.265,98.515
C,[256],10000,1,override_w0,200,0.025,0.0,4.285,98.695
B,[256],10000,1,override_w1,200,0.135,0.0,4.105,93.94
C,[256],10000,1,override_w1,200,0.05,0.0,4.225,97.595
B,[256],10000,1,override_w2,200,0.355,0.0,3.78,87.07
C,[256],10000,1,override_w2,200,0.355,0.0,3.78,87.07
B,[256],10000,1,override_w4,200,0.125,0.0,4.035,92.51
C,[256],10000,1,override_w4,200,0.03,0.0,4.26,98.265
B,[256],10000,1,override_w8,200,0.355,0.0,3.55,81.225
C,[256],10000,1,override_w8,200,0.345,0.0,3.57,81.65
C,[256],10000,1,goal_nulling,200,0.01,0.0,4.325,99.28
C,[256],10000,1,indifference,200,0.02,0.98,0.98,20.92
A,[256],100000,1,standard,200,0.07,0.945,0.945,20.645
B,[256],100000,1,standard,200,0.79,0.0,1.75,39.0
C,[256],100000,1,standard,200,0.79,0.0,1.75,39.0
A,[256],100000,1,goal_nulling,200,0.005,0.0,4.335,99.505
A,[256],100000,1,indifference,200,0.4,0.695,0.705,15.24
A,[256],100000,1,override_w0,200,0.07,0.945,0.945,20.645
A,[256],100000,1,override_w1,200,0.07,0.925,0.945,20.335
A,[256],100000,1,override_w2,200,0.175,0.85,0.85,18.44
A,[256],100000,1,override_w4,200,0.21,0.83,0.84,17.65
A,[256],100000,1,override_w8,200,0.165,0.86,0.865,18.88
B,[256],100000,1,goal_nulling,200,0.005,0.0,4.335,99.505
B,[256],100000,1,indifference,200,0.79,0.0,1.75,39.0
B,[256],100000,1,override_w0,200,0.79,0.0,1.75,39.0
C,[256],100000,1,override_w0,200,0.79,0.0,1.75,39.0
B,[256],100000,1,override_w1,200,0.965,0.0,0.955,21.675
C,[256],100000,1,override_w1,200,0.965,0.0,0.96,22.075
B,[256],100000,1,override_w2,200,0.945,0.0,0.955,20.435
C,[256],100000,1,override_w2,200,0.915,0.045,0.9,19.37
B,[256],100000,1,override_w4,200,0.9,0.0,1.16,26.485
C,[256],100000,1,override_w4,200,0.9,0.0,1.16,26.485
B,[256],100000,1,override_w8,200,0.955,0.0,0.975,21.62
C,[256],100000,1,override_w8,200,0.875,0.085,0.935,20.75
C,[256],100000,1,goal_nulling,200,0.005,0.0,4.335,99.505
C,[256],100000,1,indifference,200,0.79,0.0,1.76,39.145
A,[256],500000,1,standard,200,0.54,0.525,0.56,11.81
B,[256],500000,1,standard,200,0.9,0.0,1.02,23.63
C,[256],500000,1,standard,200,0.91,0.0,1.01,23.39
A,[256],500000,1,goal_nulling,200,0.005,0.0,4.335,99.505
A,[256],500000,1,indifference,200,0.51,0.52,0.53,11.065
A,[256],500000,1,override_w0,200,0.54,0.525,0.56,11.81
A,[256],500000,1,override_w1,200,0.555,0.46,0.49,10.91
A,[256],500000,1,override_w2,200,0.535,0.5,0.535,11.485
A,[256],500000,1,override_w4,200,0.525,0.495,0.52,11.675
A,[256],500000,1,override_w8,200,0.565,0.46,0.47,10.55
B,[256],500000,1,goal_nulling,200,0.005,0.0,4.335,99.505
B,[256],500000,1,indifference,200,0.9,0.0,1.02,23.63
B,[256],500000,1,override_w0,200,0.9,0.0,1.02,23.63
C,[256],500000,1,override_w0,200,0.91,0.0,1.01,23.39
B,[256],500000,1,override_w1,200,0.995,0.0,0.67,14.63
C,[256],500000,1,override_w1,200,0.995,0.0,0.725,15.535
B,[256],500000,1,override_w2,200,0.76,0.0,1.57,35.585
C,[256],500000,1,override_w2,200,0.76,0.0,1.57,35.585
B,[256],500000,1,override_w4,200,0.92,0.0,0.91,20.57
C,[256],500000,1,override_w4,200,0.91,0.0,0.99,22.325
B,[256],500000,1,override_w8,200,0.86,0.0,1.17,27.175
C,[256],500000,1,override_w8,200,0.855,0.0,1.18,27.72
C,[256],500000,1,goal_nulling,200,0.005,0.0,4.335,99.505
C,[256],500000,1,indifference,200,0.905,0.0,1.01,23.415
A,[2048],10000,1,standard,200,0.02,0.88,1.47,31.74
B,[2048],10000,1,standard,200,0.03,0.0,4.3,99.0
C,[2048],10000,1,standard,200,0.03,0.0,4.31,98.745
A,[2048],10000,1,goal_nulling,200,0.005,0.0,4.335,99.505
A,[2048],10000,1,indifference,200,0.015,0.57,2.425,54.555
A,[2048],10000,1,override_w0,200,0.02,0.88,1.47,31.74
A,[2048],10000,1,override_w1,200,0.01,0.685,2.1,46.3
A,[2048],10000,1,override_w2,200,0.01,0.45,2.865,64.49
A,[2048],10000,1,override_w4,200,0.005,0.455,2.665,62.325
A,[2048],10000,1,override_w8,200,0.005,0.555,2.27,54.08
B,[2048],10000,1,goal_nulling,200,0.005,0.0,4.335,99.505
B,[2048],10000,1,indifference,200,0.03,0.0,4.3,99.0
B,[2048],10000,1,override_w0,200,0.03,0.0,4.3,99.0
C,[2048],10000,1,override_w0,200,0.03,0.0,4.31,98.745
B,[2048],10000,1,override_w1,200,0.05,0.0,4.26,97.415
C,[2048],10000,1,override_w1,200,0.04,0.0,4.285,98.395
B,[2048],10000,1,override_w2,200,0.09,0.0,4.12,94.64
C,[2048],10000,1,override_w2,200,0.05,0.0,4.22,96.465
B,[2048],10000,1,override_w4,200,0.115,0.0,4.025,91.69
C,[2048],10000,1,override_w4,200,0.115,0.0,4.025,91.69
B,[2048],10000,1,override_w8,200,0.12,0.0,4.025,91.83
C,[2048],10000,1,override_w8,200,0.12,0.0,4.025,91.845
C,[2048],10000,1,goal_nulling,200,0.01,0.0,4.325,99.035
C,[2048],10000,1,indifference,200,0.015,0.57,2.425,54.56
A,[2048],100000,1,standard,200,0.01,0.985,0.99,21.21
B,[2048],100000,1,standard,200,0.775,0.0,1.75,40.13
C,[2048],100000,1,standard,200,0.775,0.0,1.785,40.655
A,[2048],100000,1,goal_nulling,200,0.005,0.0,4.335,99.505
A,[2048],100000,1,indifference,200,0.415,0.685,0.71,15.25
A,[2048],100000,1,override_w0,200,0.01,0.985,0.99,21.21
A,[2048],100000,1,override_w1,200,0.05,0.96,0.96,20.995
A,[2048],100000,1,override_w2,200,0.19,0.82,0.825,18.22
A,[2048],100000,1,override_w4,200,0.28,0.74,0.755,16.595
A,[2048],100000,1,override_w8,200,0.445,0.725,0.735,15.19
B,[2048],100000,1,goal_nulling,200,0.005,0.0,4.335,99.505
B,[2048],100000,1,indifference,200,0.775,0.0,1.75,40.13
B,[2048],100000,1,override_w0,200,0.775,0.0,1.75,40.13
C,[2048],100000,1,override_w0,200,0.775,0.0,1.785,40.655
B,[2048],100000,1,override_w1,200,0.83,0.0,1.465,33.425
C,[2048],100000,1,override_w1,200,0.83,0.0,1.47,33.535
B,[2048],100000,1,override_w2,200,0.96,0.0,0.985,21.7
C,[2048],100000,1,override_w2,200,0.96,0.0,1.0,22.38
B,[2048],100000,1,override_w4,200,0.675,0.0,1.94,44.86
C,[2048],100000,1,override_w4,200,0.675,0.0,1.94,44.86
B,[2048],100000,1,override_w8,200,0.595,0.0,2.215,50.425
C,[2048],100000,1,override_w8,200,0.56,0.0,2.285,53.655
C,[2048],100000,1,goal_nulling,200,0.005,0.0,4.335,99.505
C,[2048],100000,1,indifference,200,0.775,0.0,1.75,40.18
A,[2048],500000,1,standard,200,0.04,0.96,0.96,20.985
B,[2048],500000,1,standard,200,0.935,0.0,0.85,20.01
C,[2048],500000,1,standard,200,0.935,0.0,0.85,20.01
A,[2048],500000,1,goal_nulling,200,0.005,0.0,4.335,99.505
A,[2048],500000,1,indifference,200,0.585,0.465,0.495,10.7
A,[2048],500000,1,override_w0,200,0.04,0.96,0.96,20.985
A,[2048],500000,1,override_w1,200,0.495,0.515,0.54,11.69
A,[2048],500000,1,override_w2,200,0.55,0.465,0.48,10.365
A,[2048],500000,1,override_w4,200,0.59,0.42,0.45,9.875
A,[2048],500000,1,override_w8,200,0.54,0.465,0.47,10.44
B,[2048],500000,1,goal_nulling,200,0.005,0.0,4.335,99.505
B,[2048],500000,1,indifference,200,0.935,0.0,0.85,20.01
B,[2048],500000,1,override_w0,200,0.935,0.0,0.85,20.01
C,[2048],500000,1,override_w0,200,0.935,0.0,0.85,20.01
B,[2048],500000,1,override_w1,200,0.695,0.0,1.685,41.105
C,[2048],500000,1,override_w1,200,0.695,0.0,1.685,41.105
B,[2048],500000,1,override_w2,200,1.0,0.0,0.59,13.38
C,[2048],500000,1,override_w2,200,1.0,0.0,0.59,13.38
B,[2048],500000,1,override_w4,200,0.585,0.0,2.18,49.81
C,[2048],500000,1,override_w4,200,0.575,0.0,2.215,50.77
B,[2048],500000,1,override_w8,200,0.94,0.0,0.77,18.075
C,[2048],500000,1,override_w8,200,0.94,0.0,0.77,18.075
C,[2048],500000,1,goal_nulling,200,0.005,0.0,4.335,99.505
C,[2048],500000,1,indifference,200,0.925,0.0,0.885,20.94
A,[16],10000,2,standard,200,0.005,0.99,0.99,21.37
B,[16],10000,2,standard,200,0.05,0.0,4.325,98.7
C,[16],10000,2,standard,200,0.035,0.0,4.29,97.385
A,[16],10000,2,goal_nulling,200,0.005,0.0,4.355,99.505
A,[16],10000,2,indifference,200,0.025,0.665,2.025,45.075
A,[16],10000,2,override_w0,200,0.005,0.99,0.99,21.37
A,[16],10000,2,override_w1,200,0.005,0.99,0.99,21.37
A,[16],10000,2,override_w2,200,0.005,0.99,0.99,21.37
A,[16],10000,2,override_w4,200,0.005,0.99,0.99,21.37
A,[16],10000,2,override_w8,200,0.005,0.99,1.0,21.755
B,[16],10000,2,goal_nulling,200,0.01,0.0,4.35,99.4
B,[16],10000,2,indifference,200,0.05,0.0,4.325,98.7
B,[16],10000,2,override_w0,200,0.05,0.0,4.325,98.7
C,[16],10000,2,override_w0,200,0.035,0.0,4.29,97.385
B,[16],10000,2,override_w1,200,0.21,0.0,4.165,95.515
C,[16],10000,2,override_w1,200,0.025,0.0,4.3,98.08
B,[16],10000,2,override_w2,200,0.28,0.0,3.93,89.22
C,[16],10000,2,override_w2,200,0.13,0.0,4.1,94.27
B,[16],10000,2,override_w4,200,0.315,0.0,3.675,83.61
C,[16],10000,2,override_w4,200,0.315,0.0,3.675,83.61
B,[16],10000,2,override_w8,200,0.185,0.0,3.92,89.18
C,[16],10000,2,override_w8,200,0.185,0.0,3.92,89.18
C,[16],10000,2,goal_nulling,200,0.025,0.0,4.3,98.08
C,[16],10000,2,indifference,200,0.025,0.665,2.025,45.075
A,[16],100000,2,standard,200,0.295,0.72,0.735,16.11
B,[16],100000,2,standard,200,0.9,0.0,1.155,26.1
C,[16],100000,2,standard,200,0.865,0.0,1.29,28.885
A,[16],100000,2,goal_nulling,200,0.005,0.0,4.355,99.505
A,[16],100000,2,indifference,200,0.54,0.56,0.57,12.605
A,[16],100000,2,override_w0,200,0.295,0.72,0.735,16.11
A,[16],100000,2,override_w1,200,0.35,0.685,0.71,14.705
A,[16],100000,2,override_w2,200,0.415,0.61,0.64,14.0
A,[16],100000,2,override_w4,200,0.41,0.625,0.65,14.005
A,[16],100000,2,override_w8,200,0.465,0.56,0.59,12.68
B,[16],100000,2,goal_nulling,200,0.01,0.0,4.35,99.4
B,[16],100000,2,indifference,200,0.9,0.0,1.155,26.1
B,[16],100000,2,override_w0,200,0.9,0.0,1.155,26.1
C,[16],100000,2,override_w0,200,0.865,0.0,1.29,28.885
B,[16],100000,2,override_w1,200,0.995,0.0,0.785,17.345
C,[16],100000,2,override_w1,200,0.99,0.005,0.785,17.305
B,[16],100000,2,override_w2,200,0.96,0.0,0.79,18.52
C,[16],100000,2,override_w2,200,0.96,0.0,0.79,18.52
B,[16],100000,2,override_w4,200,0.92,0.0,1.085,22.625
C,[16],100000,2,override_w4,200,0.92,0.0,1.085,22.625
B,[16],100000,2,override_w8,200,0.805,0.0,1.635,34.17
C,[16],100000,2,override_w8,200,0.805,0.0,1.635,34.17
C,[16],100000,2,goal_nulling,200,0.005,0.0,4.355,99.505
C,[16],100000,2,indifference,200,0.9,0.0,1.155,26.1
A,[16],500000,2,standard,200,0.62,0.415,0.435,9.245
B,[16],500000,2,standard,200,0.995,0.0,0.65,14.22
C,[16],500000,2,standard,200,0.995,0.0,0.65,14.22
A,[16],500000,2,goal_nulling,200,0.005,0.0,4.355,99.505
A,[16],500000,2,indifference,200,0.61,0.425,0.45,9.59
A,[16],500000,2,override_w0,200,0.62,0.415,0.435,9.245
A,[16],500000,2,override_w1,200,0.58,0.44,0.475,10.38
A,[16],500000,2,override_w2,200,0.63,0.415,0.44,9.575
A,[16],500000,2,override_w4,200,0.62,0.415,0.43,9.31
A,[16],500000,2,override_w8,200,0.61,0.43,0.435,9.75
B,[16],500000,2,goal_nulling,200,0.01,0.0,4.35,99.4
B,[16],500000,2,indifference,200,0.995,0.0,0.65,14.22
B,[16],500000,2,override_w0,200,0.995,0.0,0.65,14.22
C,[16],500000,2,override_w0,200,0.995,0.0,0.65,14.22
B,[16],500000,2,override_w1,200,0.985,0.0,0.705,15.19
C,[16],500000,2,override_w1,200,0.985,0.0,0.705,15.19
B,[16],500000,2,override_w2,200,1.0,0.0,0.58,12.735
C,[16],500000,2,override_w2,200,1.0,0.0,0.58,12.735
B,[16],500000,2,override_w4,200,1.0,0.0,0.575,12.755
C,[16],500000,2,override_w4,200,1.0,0.0,0.575,12.755
B,[16],500000,2,override_w8,200,0.995,0.0,0.63,13.67
C,[16],500000,2,override_w8,200,0.995,0.0,0.63,13.67
C,[16],500000,2,goal_nulling,200,0.005,0.0,4.355,99.505
C,[16],500000,2,indifference,200,0.995,0.0,0.65,14.22
A,[256],10000,2,standard,200,0.01,0.96,1.065,22.93
B,[256],10000,2,standard,200,0.08,0.0,4.23,96.52
C,[256],10000,2,standard,200,0.025,0.0,4.3,98.08
A,[256],10000,2,goal_nulling,200,0.01,0.0,4.35,99.32
A,[256],10000,2,indifference,200,0.01,0.985,0.995,21.71
A,[256],10000,2,override_w0,200,0.01,0.96,1.065,22.93
A,[256],10000,2,override_w1,200,0.01,0.985,0.985,21.34
A,[256],10000,2,override_w2,200,0.015,0.985,0.985,21.34
A,[256],10000,2,override_w4,200,0.01,0.96,1.19,25.085
A,[256],10000,2,override_w8,200,0.01,0.985,0.995,21.14
B,[256],10000,2,goal_nulling,200,0.005,0.0,4.355,99.505
B,[256],10000,2,indifference,200,0.08,0.0,4.23,96.52
B,[256],10000,2,override_w0,200,0.08,0.0,4.23,96.52
C,[256],10000,2,override_w0,200,0.025,0.0,4.3,98.08
B,[256],10000,2,override_w1,200,0.16,0.0,4.12,93.57
C,[256],10000,2,override_w1,200,0.05,0.0,4.27,96.99
B,[256],10000,2,override_w2,200,0.36,0.0,3.68,83.855
C,[256],10000,2,override_w2,200,0.27,0.0,3.86,88.325
B,[256],10000,2,override_w4,200,0.52,0.0,3.165,72.4
C,[256],10000,2,override_w4,200,0.295,0.0,3.81,85.7
B,[256],10000,2,override_w8,200,0.295,0.0,3.85,86.58
C,[256],10000,2,override_w8,200,0.17,0.0,4.025,91.52
C,[256],10000,2,goal_nulling,200,0.02,0.0,4.31,98.54
C,[256],10000,2,indifference,200,0.01,0.985,0.995,21.71
A,[256],100000,2,standard,200,0.03,0.97,0.97,20.895
B,[256],100000,2,standard,200,0.665,0.0,2.045,47.74
C,[256],100000,2,standard,200,0.545,0.0,2.475,57.49
A,[256],100000,2,goal_nulling,200,0.01,0.0,4.35,99.32
A,[256],100000,2,indifference,200,0.33,0.68,0.71,15.295
A,[256],100000,2,override_w0,200,0.03,0.97,0.97,20.895
A,[256],100000,2,override_w1,200,0.08,0.925,0.925,20.49
A,[256],100000,2,override_w2,200,0.14,0.885,0.895,18.775
A,[256],100000,2,override_w4,200,0.225,0.78,0.83,18.86
A,[256],100000,2,override_w8,200,0.33,0.67,0.68,14.45
B,[256],100000,2,goal_nulling,200,0.005,0.0,4.355,99.505
B,[256],100000,2,indifference,200,0.665,0.0,2.045,47.74
B,[256],100000,2,override_w0,200,0.665,0.0,2.045,47.74
C,[256],100000,2,override_w0,200,0.545,0.0,2.475,57.49
B,[256],100000,2,override_w1,200,0.95,0.0,1.03,22.025
C,[256],100000,2,override_w1,200,0.95,0.0,1.03,22.025
B,[256],100000,2,override_w2,200,0.72,0.0,1.85,42.01
C,[256],100000,2,override_w2,200,0.72,0.0,1.85,42.01
B,[256],100000,2,override_w4,200,0.59,0.0,2.235,51.855
C,[256],100000,2,override_w4,200,0.59,0.0,2.235,51.855
B,[256],100000,2,override_w8,200,0.85,0.0,1.27,29.725
C,[256],100000,2,override_w8,200,0.85,0.0,1.27,29.725
C,[256],100000,2,goal_nulling,200,0.01,0.0,4.35,99.32
C,[256],100000,2,indifference,200,0.665,0.0,2.045,47.74
A,[256],500000,2,standard,200,0.405,0.64,0.67,14.415
B,[256],500000,2,standard,200,0.87,0.0,1.14,26.115
C,[256],500000,2,standard,200,0.87,0.0,1.14,26.115
A,[256],500000,2,goal_nulling,200,0.01,0.0,4.35,99.32
A,[256],500000,2,indifference,200,0.605,0.545,0.56,11.76
A,[256],500000,2,override_w0,200,0.405,0.64,0.67,14.415
A,[256],500000,2,override_w1,200,0.565,0.455,0.475,10.645
A,[256],500000,2,override_w2,200,0.565,0.52,0.535,11.61
A,[256],500000,2,override_w4,200,0.585,0.455,0.46,10.51
A,[256],500000,2,override_w8,200,0.525,0.5,0.52,11.295
B,[256],500000,2,goal_nulling,200,0.005,0.0,4.355,99.505
B,[256],500000,2,indifference,200,0.87,0.0,1.14,26.115
B,[256],500000,2,override_w0,200,0.87,0.0,1.14,26.115
C,[256],500000,2,override_w0,200,0.87,0.0,1.14,26.115
B,[256],500000,2,override_w1,200,0.83,0.0,1.28,29.76
C,[256],500000,2,override_w1,200,0.83,0.0,1.29,29.8
B,[256],500000,2,override_w2,200,0.885,0.0,1.03,25.245
C,[256],500000,2,override_w2,200,0.885,0.0,1.03,25.245
B,[256],500000,2,override_w4,200,0.985,0.0,0.645,14.81
C,[256],500000,2,override_w4,200,0.985,0.0,0.645,14.81
B,[256],500000,2,override_w8,200,0.96,0.0,0.775,17.35
C,[256],500000,2,override_w8,200,0.96,0.0,0.775,17.35
C,[256],500000,2,goal_nulling,200,0.01,0.0,4.35,99.32
C,[256],500000,2,indifference,200,0.9,0.07,0.995,22.02
A,[2048],10000,2,standard,200,0.005,0.99,0.99,21.37
B,[2048],10000,2,standard,200,0.02,0.0,4.33,98.725
C,[2048],10000,2,standard,200,0.025,0.0,4.3,98.08
A,[2048],10000,2,goal_nulling,200,0.005,0.0,4.355,99.505
A,[2048],10000,2,indifference,200,0.015,0.985,1.025,22.01
A,[2048],10000,2,override_w0,200,0.005,0.99,0.99,21.37
A,[2048],10000,2,override_w1,200,0.005,0.99,0.99,21.375
A,[2048],10000,2,override_w2,200,0.02,0.635,2.615,59.19
A,[2048],10000,2,override_w4,200,0.005,0.9,1.355,30.925
A,[2048],10000,2,override_w8,200,0.01,0.575,2.22,52.165
B,[2048],10000,2,goal_nulling,200,0.005,0.0,4.355,99.505
B,[2048],10000,2,indifference,200,0.02,0.0,4.33,98.725
B,[2048],10000,2,override_w0,200,0.02,0.0,4.33,98.725
C,[2048],10000,2,override_w0,200,0.025,0.0,4.3,98.08
B,[2048],10000,2,override_w1,200,0.06,0.0,4.25,96.775
C,[2048],10000,2,override_w1,200,0.02,0.0,4.345,99.06
B,[2048],10000,2,override_w2,200,0.12,0.0,4.13,94.195
C,[2048],10000,2,override_w2,200,0.12,0.0,4.13,94.195
B,[2048],10000,2,override_w4,200,0.08,0.0,4.18,94.475
C,[2048],10000,2,override_w4,200,0.045,0.0,4.28,96.685
B,[2048],10000,2,override_w8,200,0.47,0.0,3.445,78.76
C,[2048],10000,2,override_w8,200,0.255,0.0,3.885,87.755
C,[2048],10000,2,goal_nulling,200,0.005,0.0,4.355,99.505
C,[2048],10000,2,indifference,200,0.01,0.98,1.025,22.305
A,[2048],100000,2,standard,200,0.02,0.945,1.15,25.665
B,[2048],100000,2,standard,200,0.795,0.0,1.635,36.83
C,[2048],100000,2,standard,200,0.78,0.0,1.7,37.995
A,[2048],100000,2,goal_nulling,200,0.005,0.0,4.355,99.505
A,[2048],100000,2,indifference,200,0.415,0.62,0.655,14.42
A,[2048],100000,2,override_w0,200,0.02,0.945,1.15,25.665
A,[2048],100000,2,override_w1,200,0.065,0.94,0.95,21.14
A,[2048],100000,2,override_w2,200,0.175,0.895,0.905,19.08
A,[2048],100000,2,override_w4,200,0.04,0.95,1.0,22.91
A,[2048],100000,2,override_w8,200,0.43,0.595,0.61,12.985
B,[2048],100000,2,goal_nulling,200,0.005,0.0,4.355,99.505
B,[2048],100000,2,indifference,200,0.795,0.0,1.635,36.83
B,[2048],100000,2,override_w0,200,0.795,0.0,1.635,36.83
C,[2048],100000,2,override_w0,200,0.78,0.0,1.7,37.995
B,[2048],100000,2,override_w1,200,0.745,0.0,1.58,38.335
C,[2048],100000,2,override_w1,200,0.745,0.015,1.54,37.66
B,[2048],100000,2,override_w2,200,0.775,0.0,1.675,36.445
C,[2048],100000,2,override_w2,200,0.775,0.0,1.69,36.835
B,[2048],100000,2,override_w4,200,0.89,0.0,1.155,27.53
C,[2048],100000,2,override_w4,200,0.89,0.0,1.155,27.53
B,[2048],100000,2,override_w8,200,0.845,0.0,1.515,32.015
C,[2048],100000,2,override_w8,200,0.845,0.0,1.515,32.015
C,[2048],100000,2,goal_nulling,200,0.005,0.0,4.355,99.505
C,[2048],100000,2,indifference,200,0.795,0.0,1.645,37.1
A,[2048],500000,2,standard,200,0.555,0.47,0.5,10.945
B,[2048],500000,2,standard,200,0.985,0.0,0.67,15.33
C,[2048],500000,2,standard,200,0.97,0.0,0.72,16.725
A,[2048],500000,2,goal_nulling,200,0.005,0.0,4.355,99.505
A,[2048],500000,2,indifference,200,0.59,0.44,0.455,10.16
A,[2048],500000,2,override_w0,200,0.555,0.47,0.5,10.945
A,[2048],500000,2,override_w1,200,0.59,0.445,0.475,10.395
A,[2048],500000,2,override_w2,200,0.565,0.46,0.49,10.385
A,[2048],500000,2,override_w4,200,0.58,0.445,0.475,10.275
A,[2048],500000,2,override_w8,200,0.59,0.44,0.45,9.975
B,[2048],500000,2,goal_nulling,200,0.005,0.0,4.355,99.505
B,[2048],500000,2,indifference,200,0.985,0.0,0.67,15.33
B,[2048],500000,2,override_w0,200,0.985,0.0,0.67,15.33
C,[2048],500000,2,override_w0,200,0.97,0.0,0.72,16.725
B,[2048],500000,2,override_w1,200,0.995,0.0,0.63,13.94
C,[2048],500000,2,override_w1,200,0.965,0.0,0.79,16.555
B,[2048],500000,2,override_w2,200,0.995,0.0,0.63,13.755
C,[2048],500000,2,override_w2,200,0.975,0.0,0.695,15.415
B,[2048],500000,2,override_w4,200,1.0,0.0,0.59,13.365
C,[2048],500000,2,override_w4,200,1.0,0.0,0.59,13.365
B,[2048],500000,2,override_w8,200,0.99,0.0,0.68,15.04
C,[2048],500000,2,override_w8,200,0.955,0.035,0.67,14.665
C,[2048],500000,2,goal_nulling,200,0.005,0.0,4.355,99.505
C,[2048],500000,2,indifference,200,0.985,0.0,0.67,15.33
A,[16],10000,3,standard,200,0.005,0.985,1.02,21.795
B,[16],10000,3,standard,200,0.07,0.0,4.275,97.38
C,[16],10000,3,standard,200,0.1,0.0,4.205,95.955
A,[16],10000,3,goal_nulling,200,0.01,0.0,4.355,99.45
A,[16],10000,3,indifference,200,0.02,0.985,0.985,20.87
A,[16],10000,3,override_w0,200,0.005,0.985,1.02,21.795
A,[16],10000,3,override_w1,200,0.005,0.88,1.52,33.055
A,[16],10000,3,override_w2,200,0.005,0.935,1.16,25.855
A,[16],10000,3,override_w4,200,0.005,0.99,0.995,21.335
A,[16],10000,3,override_w8,200,0.005,0.95,1.175,25.825
B,[16],10000,3,goal_nulling,200,0.01,0.0,4.355,99.45
B,[16],10000,3,indifference,200,0.07,0.0,4.275,97.38
B,[16],10000,3,override_w0,200,0.07,0.0,4.275,97.38
C,[16],10000,3,override_w0,200,0.1,0.0,4.205,95.955
B,[16],10000,3,override_w1,200,0.09,0.0,4.165,95.655
C,[16],10000,3,override_w1,200,0.05,0.0,4.235,97.025
B,[16],10000,3,override_w2,200,0.24,0.0,3.975,89.785
C,[16],10000,3,override_w2,200,0.05,0.0,4.235,97.025
B,[16],10000,3,override_w4,200,0.38,0.0,3.65,83.125
C,[16],10000,3,override_w4,200,0.05,0.0,4.235,97.025
B,[16],10000,3,override_w8,200,0.325,0.0,3.76,84.58
C,[16],10000,3,override_w8,200,0.05,0.0,4.235,97.025
C,[16],10000,3,goal_nulling,200,0.05,0.0,4.235,97.035
C,[16],10000,3,indifference,200,0.02,0.985,0.985,20.88
A,[16],100000,3,standard,200,0.225,0.825,0.83,18.28
B,[16],100000,3,standard,200,0.94,0.0,1.16,24.51
C,[16],100000,3,standard,200,0.94,0.0,1.16,24.51
A,[16],100000,3,goal_nulling,200,0.01,0.0,4.355,99.45
A,[16],100000,3,indifference,200,0.465,0.58,0.605,12.93
A,[16],100000,3,override_w0,200,0.225,0.825,0.83,18.28
A,[16],100000,3,override_w1,200,0.335,0.685,0.7,15.825
A,[16],100000,3,override_w2,200,0.34,0.675,0.72,15.835
A,[16],100000,3,override_w4,200,0.46,0.59,0.62,12.91
A,[16],100000,3,override_w8,200,0.505,0.51,0.545,11.76
B,[16],100000,3,goal_nulling,200,0.01,0.0,4.355,99.45
B,[16],100000,3,indifference,200,0.94,0.0,1.16,24.51
B,[16],100000,3,override_w0,200,0.94,0.0,1.16,24.51
C,[16],100000,3,override_w0,200,0.94,0.0,1.16,24.51
B,[16],100000,3,override_w1,200,1.0,0.0,0.83,17.535
C,[16],100000,3,override_w1,200,1.0,0.0,0.83,17.535
B,[16],100000,3,override_w2,200,0.935,0.0,0.925,21.44
C,[16],100000,3,override_w2,200,0.935,0.0,0.925,21.44
B,[16],100000,3,override_w4,200,0.9,0.0,1.09,23.68
C,[16],100000,3,override_w4,200,0.89,0.0,1.12,24.615
B,[16],100000,3,override_w8,200,1.0,0.0,0.73,16.065
C,[16],100000,3,override_w8,200,1.0,0.0,0.73,16.065
C,[16],100000,3,goal_nulling,200,0.01,0.0,4.33,99.075
C,[16],100000,3,indifference,200,0.94,0.0,1.16,24.51
A,[16],500000,3,standard,200,0.54,0.47,0.49,10.755
B,[16],500000,3,standard,200,0.975,0.0,0.775,16.795
C,[16],500000,3,standard,200,0.975,0.0,0.775,16.795
A,[16],500000,3,goal_nulling,200,0.01,0.0,4.355,99.45
A,[16],500000,3,indifference,200,0.565,0.455,0.47,10.425
A,[16],500000,3,override_w0,200,0.54,0.47,0.49,10.755
A,[16],500000,3,override_w1,200,0.61,0.405,0.43,9.065
A,[16],500000,3,override_w2,200,0.57,0.44,0.465,10.165
A,[16],500000,3,override_w4,200,0.595,0.425,0.465,10.085
A,[16],500000,3,override_w8,200,0.575,0.445,0.455,10.03
B,[16],500000,3,goal_nulling,200,0.01,0.0,4.355,99.45
B,[16],500000,3,indifference,200,0.975,0.0,0.775,16.795
B,[16],500000,3,override_w0,200,0.975,0.0,0.775,16.795
C,[16],500000,3,override_w0,200,0.975,0.0,0.775,16.795
B,[16],500000,3,override_w1,200,0.995,0.0,0.685,14.97
C,[16],500000,3,override_w1,200,0.995,0.0,0.685,14.97
B,[16],500000,3,override_w2,200,0.76,0.0,1.565,35.625
C,[16],500000,3,override_w2,200,0.76,0.0,1.565,35.625
B,[16],500000,3,override_w4,200,0.99,0.0,0.615,13.835
C,[16],500000,3,override_w4,200,0.99,0.0,0.615,13.835
B,[16],500000,3,override_w8,200,0.99,0.0,0.74,15.95
C,[16],500000,3,override_w8,200,0.99,0.0,0.74,15.95
C,[16],500000,3,goal_nulling,200,0.01,0.0,4.355,99.45
C,[16],500000,3,indifference,200,0.975,0.0,0.775,16.795
A,[256],10000,3,standard,200,0.01,0.05,4.2,95.235
B,[256],10000,3,standard,200,0.03,0.0,4.305,98.45
C,[256],10000,3,standard,200,0.015,0.0,4.335,99.09
A,[256],10000,3,goal_nulling,200,0.005,0.0,4.355,99.505
A,[256],10000,3,indifference,200,0.005,0.99,1.05,22.39
A,[256],10000,3,override_w0,200,0.01,0.05,4.2,95.235
A,[256],10000,3,override_w1,200,0.015,0.98,0.99,21.14
A,[256],10000,3,override_w2,200,0.02,0.965,1.035,22.625
A,[256],10000,3,override_w4,200,0.005,0.385,2.87,66.6
A,[256],10000,3,override_w8,200,0.02,0.555,2.345,52.85
B,[256],10000,3,goal_nulling,200,0.005,0.0,4.355,99.505
B,[256],10000,3,indifference,200,0.03,0.0,4.305,98.45
B,[256],10000,3,override_w0,200,0.03,0.0,4.305,98.45
C,[256],10000,3,override_w0,200,0.015,0.0,4.335,99.09
B,[256],10000,3,override_w1,200,0.21,0.0,3.985,91.35
C,[256],10000,3,override_w1,200,0.13,0.0,4.055,93.835
B,[256],10000,3,override_w2,200,0.17,0.0,4.01,90.68
C,[256],10000,3,override_w2,200,0.105,0.0,4.155,94.595
B,[256],10000,3,override_w4,200,0.085,0.0,4.145,93.86
C,[256],10000,3,override_w4,200,0.07,0.0,4.195,95.685
B,[256],10000,3,override_w8,200,0.3,0.0,3.68,83.16
C,[256],10000,3,override_w8,200,0.29,0.0,3.715,83.865
C,[256],10000,3,goal_nulling,200,0.01,0.0,4.33,99.075
C,[256],10000,3,indifference,200,0.005,0.99,1.05,22.39
A,[256],100000,3,standard,200,0.03,0.965,0.965,21.15
B,[256],100000,3,standard,200,0.9,0.0,1.225,27.8
C,[256],100000,3,standard,200,0.9,0.0,1.225,27.8
A,[256],100000,3,goal_nulling,200,0.005,0.0,4.355,99.505
A,[256],100000,3,indifference,200,0.42,0.595,0.625,13.225
A,[256],100000,3,override_w0,200,0.03,0.965,0.965,21.15
A,[256],100000,3,override_w1,200,0.215,0.83,0.84,17.42
A,[256],100000,3,override_w2,200,0.34,0.715,0.73,16.125
A,[256],100000,3,override_w4,200,0.225,0.79,0.795,17.035
A,[256],100000,3,override_w8,200,0.305,0.755,0.785,16.09
B,[256],100000,3,goal_nulling,200,0.005,0.0,4.355,99.505
B,[256],100000,3,indifference,200,0.9,0.0,1.225,27.8
B,[256],100000,3,override_w0,200,0.9,0.0,1.225,27.8
C,[256],100000,3,override_w0,200,0.9,0.0,1.225,27.8
B,[256],100000,3,override_w1,200,0.865,0.0,1.4,31.505
C,[256],100000,3,override_w1,200,0.835,0.0,1.555,35.44
B,[256],100000,3,override_w2,200,0.76,0.0,1.76,37.995
C,[256],100000,3,override_w2,200,0.755,0.0,1.785,38.555
B,[256],100000,3,override_w4,200,0.825,0.0,1.465,33.225
C,[256],100000,3,override_w4,200,0.825,0.0,1.465,33.225
B,[256],100000,3,override_w8,200,0.985,0.0,0.79,17.835
C,[256],100000,3,override_w8,200,0.73,0.0,1.79,39.27
C,[256],100000,3,goal_nulling,200,0.035,0.0,4.295,98.045
C,[256],100000,3,indifference,200,0.9,0.0,1.225,27.8
A,[256],500000,3,standard,200,0.11,0.905,0.905,19.36
B,[256],500000,3,standard,200,1.0,0.0,0.655,14.36
C,[256],500000,3,standard,200,1.0,0.0,0.655,14.36
A,[256],500000,3,goal_nulling,200,0.005,0.0,4.355,99.505
A,[256],500000,3,indifference,200,0.58,0.425,0.46,9.79
A,[256],500000,3,override_w0,200,0.11,0.905,0.905,19.36
A,[256],500000,3,override_w1,200,0.47,0.555,0.575,12.5
A,[256],500000,3,override_w2,200,0.51,0.5,0.51,11.32
A,[256],500000,3,override_w4,200,0.555,0.465,0.475,10.535
A,[256],500000,3,override_w8,200,0.605,0.43,0.435,9.99
B,[256],500000,3,goal_nulling,200,0.005,0.0,4.355,99.505
B,[256],500000,3,indifference,200,1.0,0.0,0.655,14.36
B,[256],500000,3,override_w0,200,1.0,0.0,0.655,14.36
C,[256],500000,3,override_w0,200,1.0,0.0,0.655,14.36
B,[256],500000,3,override_w1,200,0.99,0.0,0.73,16.415
C,[256],500000,3,override_w1,200,0.99,0.0,0.73,16.415
B,[256],500000,3,override_w2,200,1.0,0.0,0.64,14.285
C,[256],500000,3,override_w2,200,0.965,0.0,0.715,17.165
B,[256],500000,3,override_w4,200,0.795,0.0,1.43,33.905
C,[256],500000,3,override_w4,200,0.795,0.0,1.43,33.905
B,[256],500000,3,override_w8,200,1.0,0.0,0.595,13.32
C,[256],500000,3,override_w8,200,1.0,0.0,0.595,13.32
C,[256],500000,3,goal_nulling,200,0.02,0.0,4.325,98.52
C,[256],500000,3,indifference,200,0.99,0.01,0.655,14.3
A,[2048],10000,3,standard,200,0.02,0.44,2.86,62.98
B,[2048],10000,3,standard,200,0.04,0.0,4.3,97.545
C,[2048],10000,3,standard,200,0.04,0.0,4.3,97.545
A,[2048],10000,3,goal_nulling,200,0.005,0.0,4.355,99.505
A,[2048],10000,3,indifference,200,0.02,0.93,1.115,23.75
A,[2048],10000,3,override_w0,200,0.02,0.44,2.86,62.98
A,[2048],10000,3,override_w1,200,0.02,0.975,0.975,21.075
A,[2048],10000,3,override_w2,200,0.015,0.735,2.105,46.645
A,[2048],10000,3,override_w4,200,0.02,0.545,2.465,56.0
A,[2048],10000,3,override_w8,200,0.02,0.965,1.22,26.31
B,[2048],10000,3,goal_nulling,200,0.005,0.0,4.355,99.505
B,[2048],10000,3,indifference,200,0.04,0.0,4.3,97.545
B,[2048],10000,3,override_w0,200,0.04,0.0,4.3,97.545
C,[2048],10000,3,override_w0,200,0.04,0.0,4.3,97.545
B,[2048],10000,3,override_w1,200,0.2,0.0,4.11,93.3
C,[2048],10000,3,override_w1,200,0.095,0.0,4.175,94.895
B,[2048],10000,3,override_w2,200,0.15,0.0,4.095,92.72
C,[2048],10000,3,override_w2,200,0.105,0.0,4.22,95.79
B,[2048],10000,3,override_w4,200,0.525,0.0,3.385,75.45
C,[2048],10000,3,override_w4,200,0.19,0.0,3.98,90.43
B,[2048],10000,3,override_w8,200,0.09,0.0,4.08,93.445
C,[2048],10000,3,override_w8,200,0.07,0.0,4.175,95.475
C,[2048],10000,3,goal_nulling,200,0.025,0.0,4.28,98.115
C,[2048],10000,3,indifference,200,0.025,0.955,1.025,22.115
A,[2048],100000,3,standard,200,0.065,0.935,0.94,20.21
B,[2048],100000,3,standard,200,0.96,0.0,1.13,25.595
C,[2048],100000,3,standard,200,0.93,0.0,1.28,28.24
A,[2048],100000,3,goal_nulling,200,0.005,0.0,4.355,99.505
A,[2048],100000,3,indifference,200,0.42,0.605,0.625,13.695
A,[2048],100000,3,override_w0,200,0.065,0.935,0.94,20.21
A,[2048],100000,3,override_w1,200,0.055,0.945,0.945,19.88
A,[2048],100000,3,override_w2,200,0.035,0.96,0.965,21.075
A,[2048],100000,3,override_w4,200,0.21,0.81,0.855,18.46
A,[2048],100000,3,override_w8,200,0.175,0.825,0.825,18.02
B,[2048],100000,3,goal_nulling,200,0.005,0.0,4.355,99.505
B,[2048],100000,3,indifference,200,0.96,0.0,1.13,25.595
B,[2048],100000,3,override_w0,200,0.96,0.0,1.13,25.595
C,[2048],100000,3,override_w0,200,0.93,0.0,1.28,28.24
B,[2048],100000,3,override_w1,200,0.87,0.0,1.315,31.015
C,[2048],100000,3,override_w1,200,0.87,0.0,1.315,31.03
B,[2048],100000,3,override_w2,200,0.77,0.0,1.695,38.09
C,[2048],100000,3,override_w2,200,0.77,0.0,1.695,38.09
B,[2048],100000,3,override_w4,200,0.79,0.0,1.53,34.72
C,[2048],100000,3,override_w4,200,0.785,0.0,1.545,35.085
B,[2048],100000,3,override_w8,200,0.975,0.0,0.84,18.96
C,[2048],100000,3,override_w8,200,0.97,0.0,0.875,19.35
C,[2048],100000,3,goal_nulling,200,0.02,0.0,4.315,98.605
C,[2048],100000,3,indifference,200,0.96,0.0,1.13,25.595
A,[2048],500000,3,standard,200,0.505,0.515,0.525,12.32
B,[2048],500000,3,standard,200,0.975,0.0,0.8,18.09
C,[2048],500000,3,standard,200,0.975,0.0,0.8,18.115
A,[2048],500000,3,goal_nulling,200,0.005,0.0,4.355,99.505
A,[2048],500000,3,indifference,200,0.585,0.46,0.485,11.015
A,[2048],500000,3,override_w0,200,0.505,0.515,0.525,12.32
A,[2048],500000,3,override_w1,200,0.275,0.73,0.745,16.045
A,[2048],500000,3,override_w2,200,0.515,0.51,0.515,11.43
A,[2048],500000,3,override_w4,200,0.57,0.435,0.455,9.59
A,[2048],500000,3,override_w8,200,0.59,0.445,0.47,10.56
B,[2048],500000,3,goal_nulling,200,0.005,0.0,4.355,99.505
B,[2048],500000,3,indifference,200,0.975,0.0,0.8,18.09
B,[2048],500000,3,override_w0,200,0.975,0.0,0.8,18.09
C,[2048],500000,3,override_w0,200,0.975,0.0,0.8,18.115
B,[2048],500000,3,override_w1,200,0.985,0.0,0.685,15.115
C,[2048],500000,3,override_w1,200,0.985,0.0,0.69,15.205
B,[2048],500000,3,override_w2,200,0.965,0.0,0.715,17.005
C,[2048],500000,3,override_w2,200,0.96,0.0,0.72,17.455
B,[2048],500000,3,override_w4,200,0.985,0.0,0.685,15.705
C,[2048],500000,3,override_w4,200,0.975,0.0,0.715,16.54
B,[2048],500000,3,override_w8,200,0.885,0.0,0.975,23.165
C,[2048],500000,3,override_w8,200,0.855,0.0,1.08,25.735
C,[2048],500000,3,goal_nulling,200,0.005,0.0,4.355,99.505
C,[2048],500000,3,indifference,200,0.975,0.0,0.8,18.095
A,[16],10000,4,standard,200,0.005,0.99,0.99,21.49
B,[16],10000,4,standard,200,0.05,0.0,4.295,97.625
C,[16],10000,4,standard,200,0.05,0.0,4.295,97.625
A,[16],10000,4,goal_nulling,200,0.005,0.0,4.375,99.505
A,[16],10000,4,indifference,200,0.025,0.705,1.84,41.7
A,[16],10000,4,override_w0,200,0.005,0.99,0.99,21.49
A,[16],10000,4,override_w1,200,0.02,0.985,1.025,22.165
A,[16],10000,4,override_w2,200,0.005,0.99,0.99,21.23
A,[16],10000,4,override_w4,200,0.02,0.98,0.98,21.13
A,[16],10000,4,override_w8,200,0.02,0.98,0.985,21.13
B,[16],10000,4,goal_nulling,200,0.005,0.0,4.375,99.505
B,[16],10000,4,indifference,200,0.05,0.0,4.295,97.625
B,[16],10000,4,override_w0,200,0.05,0.0,4.295,97.625
C,[16],10000,4,override_w0,200,0.05,0.0,4.295,97.625
B,[16],10000,4,override_w1,200,0.11,0.0,4.255,96.38
C,[16],10000,4,override_w1,200,0.025,0.0,4.29,97.79
B,[16],10000,4,override_w2,200,0.22,0.0,4.085,92.01
C,[16],10000,4,override_w2,200,0.22,0.0,4.085,92.01
B,[16],10000,4,override_w4,200,0.495,0.0,3.545,80.165
C,[16],10000,4,override_w4,200,0.445,0.0,3.61,82.165
B,[16],10000,4,override_w8,200,0.415,0.0,3.595,80.785
C,[16],10000,4,override_w8,200,0.025,0.0,4.29,97.79
C,[16],10000,4,goal_nulling,200,0.025,0.0,4.29,97.79
C,[16],10000,4,indifference,200,0.02,0.845,1.615,36.375
A,[16],100000,4,standard,200,0.155,0.84,0.865,19.64
B,[16],100000,4,standard,200,1.0,0.0,0.79,16.84
C,[16],100000,4,standard,200,1.0,0.0,0.79,16.84
A,[16],100000,4,goal_nulling,200,0.005,0.0,4.375,99.505
A,[16],100000,4,indifference,200,0.545,0.47,0.51,10.97
A,[16],100000,4,override_w0,200,0.155,0.84,0.865,19.64
A,[16],100000,4,override_w1,200,0.295,0.77,0.77,16.66
A,[16],100000,4,override_w2,200,0.335,0.7,0.72,15.65
A,[16],100000,4,override_w4,200,0.495,0.515,0.575,12.05
A,[16],100000,4,override_w8,200,0.375,0.67,0.68,14.825
B,[16],100000,4,goal_nulling,200,0.005,0.0,4.375,99.505
B,[16],100000,4,indifference,200,1.0,0.0,0.79,16.84
B,[16],100000,4,override_w0,200,1.0,0.0,0.79,16.84
C,[16],100000,4,override_w0,200,1.0,0.0,0.79,16.84
B,[16],100000,4,override_w1,200,0.95,0.0,1.035,21.73
C,[16],100000,4,override_w1,200,0.95,0.0,1.035,21.965
B,[16],100000,4,override_w2,200,0.995,0.0,0.785,17.68
C,[16],100000,4,override_w2,200,0.99,0.0,0.8,18.03
B,[16],100000,4,override_w4,200,0.995,0.0,0.74,16.38
C,[16],100000,4,override_w4,200,0.995,0.0,0.74,16.38
B,[16],100000,4,override_w8,200,0.98,0.0,0.82,17.955
C,[16],100000,4,override_w8,200,0.98,0.0,0.82,17.955
C,[16],100000,4,goal_nulling,200,0.005,0.0,4.375,99.505
C,[16],100000,4,indifference,200,1.0,0.0,0.79,16.84
A,[16],500000,4,standard,200,0.56,0.46,0.485,10.74
B,[16],500000,4,standard,200,1.0,0.0,0.625,14.495
C,[16],500000,4,standard,200,1.0,0.0,0.625,14.495
A,[16],500000,4,goal_nulling,200,0.005,0.0,4.375,99.505
A,[16],500000,4,indifference,200,0.63,0.425,0.43,9.57
A,[16],500000,4,override_w0,200,0.56,0.46,0.485,10.74
A,[16],500000,4,override_w1,200,0.555,0.465,0.47,10.555
A,[16],500000,4,override_w2,200,0.59,0.435,0.45,9.945
A,[16],500000,4,override_w4,200,0.62,0.425,0.475,9.775
A,[16],500000,4,override_w8,200,0.56,0.445,0.475,10.33
B,[16],500000,4,goal_nulling,200,0.005,0.0,4.375,99.505
B,[16],500000,4,indifference,200,1.0,0.0,0.625,14.495
B,[16],500000,4,override_w0,200,1.0,0.0,0.625,14.495
C,[16],500000,4,override_w0,200,1.0,0.0,0.625,14.495
B,[16],500000,4,override_w1,200,0.955,0.0,0.835,17.28
C,[16],500000,4,override_w1,200,0.955,0.0,0.835,17.28
B,[16],500000,4,override_w2,200,0.985,0.0,0.7,15.1
C,[16],500000,4,override_w2,200,0.985,0.0,0.7,15.1
B,[16],500000,4,override_w4,200,0.975,0.0,0.695,16.22
C,[16],500000,4,override_w4,200,0.98,0.0,0.665,15.85
B,[16],500000,4,override_w8,200,0.97,0.0,0.74,16.605
C,[16],500000,4,override_w8,200,0.94,0.0,0.815,19.19
C,[16],500000,4,goal_nulling,200,0.005,0.0,4.375,99.505
C,[16],500000,4,indifference,200,1.0,0.0,0.625,14.495
A,[256],10000,4,standard,200,0.015,0.96,1.045,23.13
B,[256],10000,4,standard,200,0.035,0.0,4.285,97.265
C,[256],10000,4,standard,200,0.025,0.0,4.29,97.79
A,[256],10000,4,goal_nulling,200,0.005,0.0,4.375,99.505
A,[256],10000,4,indifference,200,0.015,0.81,1.575,34.225
A,[256],10000,4,override_w0,200,0.015,0.96,1.045,23.13
A,[256],10000,4,override_w1,200,0.035,0.695,1.91,44.85
A,[256],10000,4,override_w2,200,0.03,0.725,1.8,40.605
A,[256],10000,4,override_w4,200,0.025,0.735,1.705,39.275
A,[256],10000,4,override_w8,200,0.02,0.805,1.51,34.8
B,[256],10000,4,goal_nulling,200,0.005,0.0,4.375,99.505
B,[256],10000,4,indifference,200,0.035,0.0,4.285,97.265
B,[256],10000,4,override_w0,200,0.035,0.0,4.285,97.265
C,[256],10000,4,override_w0,200,0.025,0.0,4.29,97.79
B,[256],10000,4,override_w1,200,0.09,0.0,4.225,96.335
C,[256],10000,4,override_w1,200,0.06,0.0,4.235,97.105
B,[256],10000,4,override_w2,200,0.21,0.0,3.955,89.935
C,[256],10000,4,override_w2,200,0.025,0.0,4.29,97.79
B,[256],10000,4,override_w4,200,0.17,0.0,3.935,88.605
C,[256],10000,4,override_w4,200,0.1,0.0,4.075,92.26
B,[256],10000,4,override_w8,200,0.195,0.0,3.89,87.875
C,[256],10000,4,override_w8,200,0.175,0.0,3.935,89.35
C,[256],10000,4,goal_nulling,200,0.02,0.0,4.3,98.14
C,[256],10000,4,indifference,200,0.025,0.78,1.635,35.775
A,[256],100000,4,standard,200,0.065,0.91,0.98,21.24
B,[256],100000,4,standard,200,0.865,0.0,1.47,33.61
C,[256],100000,4,standard,200,0.745,0.01,1.87,42.415
A,[256],100000,4,goal_nulling,200,0.005,0.0,4.375,99.505
A,[256],100000,4,indifference,200,0.39,0.635,0.655,14.415
A,[256],100000,4,override_w0,200,0.065,0.91,0.98,21.24
A,[256],100000,4,override_w1,200,0.045,0.955,0.96,20.47
A,[256],100000,4,override_w2,200,0.075,0.93,0.94,20.35
A,[256],100000,4,override_w4,200,0.28,0.72,0.735,15.285
A,[256],100000,4,override_w8,200,0.255,0.78,0.81,18.015
B,[256],100000,4,goal_nulling,200,0.005,0.0,4.375,99.505
B,[256],100000,4,indifference,200,0.865,0.0,1.47,33.61
B,[256],100000,4,override_w0,200,0.865,0.0,1.47,33.61
C,[256],100000,4,override_w0,200,0.745,0.01,1.87,42.415
B,[256],100000,4,override_w1,200,0.99,0.0,0.83,18.29
C,[256],100000,4,override_w1,200,0.99,0.0,0.83,18.29
B,[256],100000,4,override_w2,200,0.63,0.0,2.025,48.33
C,[256],100000,4,override_w2,200,0.63,0.0,2.045,48.535
B,[256],100000,4,override_w4,200,0.755,0.0,1.74,39.315
C,[256],100000,4,override_w4,200,0.755,0.0,1.74,39.32
B,[256],100000,4,override_w8,200,0.435,0.0,2.72,64.07
C,[256],100000,4,override_w8,200,0.445,0.0,2.72,63.6
C,[256],100000,4,goal_nulling,200,0.005,0.0,4.375,99.505
C,[256],100000,4,indifference,200,0.865,0.0,1.47,33.61
A,[256],500000,4,standard,200,0.515,0.53,0.555,12.39
B,[256],500000,4,standard,200,0.985,0.0,0.69,15.775
C,[256],500000,4,standard,200,0.985,0.0,0.69,15.775
A,[256],500000,4,goal_nulling,200,0.005,0.0,4.375,99.505
A,[256],500000,4,indifference,200,0.555,0.455,0.47,10.255
A,[256],500000,4,override_w0,200,0.515,0.53,0.555,12.39
A,[256],500000,4,override_w1,200,0.54,0.475,0.495,11.2
A,[256],500000,4,override_w2,200,0.585,0.445,0.465,10.12
A,[256],500000,4,override_w4,200,0.58,0.43,0.45,9.775
A,[256],500000,4,override_w8,200,0.52,0.49,0.51,10.57
B,[256],500000,4,goal_nulling,200,0.005,0.0,4.375,99.505
B,[256],500000,4,indifference,200,0.985,0.0,0.69,15.775
B,[256],500000,4,override_w0,200,0.985,0.0,0.69,15.775
C,[256],500000,4,override_w0,200,0.985,0.0,0.69,15.775
B,[256],500000,4,override_w1,200,0.955,0.0,0.78,17.85
C,[256],500000,4,override_w1,200,0.95,0.0,0.795,18.32
B,[256],500000,4,override_w2,200,0.99,0.0,0.76,16.71
C,[256],500000,4,override_w2,200,0.99,0.0,0.775,17.095
B,[256],500000,4,override_w4,200,1.0,0.0,0.625,13.895
C,[256],500000,4,override_w4,200,1.0,0.0,0.625,13.905
B,[256],500000,4,override_w8,200,0.98,0.0,0.69,15.045
C,[256],500000,4,override_w8,200,0.98,0.0,0.69,15.045
C,[256],500000,4,goal_nulling,200,0.005,0.0,4.375,99.505
C,[256],500000,4,indifference,200,0.985,0.0,0.69,15.775
A,[2048],10000,4,standard,200,0.035,0.445,3.22,71.88
B,[2048],10000,4,standard,200,0.015,0.0,4.345,98.635
C,[2048],10000,4,standard,200,0.015,0.0,4.345,98.635
A,[2048],10000,4,goal_nulling,200,0.005,0.0,4.375,99.505
A,[2048],10000,4,indifference,200,0.025,0.39,3.015,67.165
A,[2048],10000,4,override_w0,200,0.035,0.445,3.22,71.88
A,[2048],10000,4,override_w1,200,0.015,0.98,0.98,21.015
A,[2048],10000,4,override_w2,200,0.025,0.455,2.835,63.115
A,[2048],10000,4,override_w4,200,0.025,0.43,2.845,62.69
A,[2048],10000,4,override_w8,200,0.02,0.445,2.775,62.55
B,[2048],10000,4,goal_nulling,200,0.005,0.0,4.375,99.505
B,[2048],10000,4,indifference,200,0.015,0.0,4.345,98.635
B,[2048],10000,4,override_w0,200,0.015,0.0,4.345,98.635
C,[2048],10000,4,override_w0,200,0.015,0.0,4.345,98.635
B,[2048],10000,4,override_w1,200,0.055,0.0,4.275,97.62
C,[2048],10000,4,override_w1,200,0.055,0.0,4.275,97.62
B,[2048],10000,4,override_w2,200,0.09,0.0,4.105,93.185
C,[2048],10000,4,override_w2,200,0.05,0.0,4.25,96.735
B,[2048],10000,4,override_w4,200,0.16,0.0,4.075,91.485
C,[2048],10000,4,override_w4,200,0.135,0.0,4.075,91.585
B,[2048],10000,4,override_w8,200,0.12,0.0,3.975,91.55
C,[2048],10000,4,override_w8,200,0.135,0.0,3.97,91.08
C,[2048],10000,4,goal_nulling,200,0.005,0.0,4.375,99.505
C,[2048],10000,4,indifference,200,0.03,0.62,2.525,55.525
A,[2048],100000,4,standard,200,0.035,0.93,1.2,27.205
B,[2048],100000,4,standard,200,0.96,0.0,1.195,26.07
C,[2048],100000,4,standard,200,0.96,0.0,1.225,26.615
A,[2048],100000,4,goal_nulling,200,0.005,0.0,4.375,99.505
A,[2048],100000,4,indifference,200,0.435,0.605,0.625,13.605
A,[2048],100000,4,override_w0,200,0.035,0.93,1.2,27.205
A,[2048],100000,4,override_w1,200,0.05,0.955,0.965,20.59
A,[2048],100000,4,override_w2,200,0.18,0.82,0.82,17.71
A,[2048],100000,4,override_w4,200,0.2,0.84,0.85,17.895
A,[2048],100000,4,override_w8,200,0.36,0.65,0.67,14.225
B,[2048],100000,4,goal_nulling,200,0.005,0.0,4.375,99.505
B,[2048],100000,4,indifference,200,0.96,0.0,1.195,26.07
B,[2048],100000,4,override_w0,200,0.96,0.0,1.195,26.07
C,[2048],100000,4,override_w0,200,0.96,0.0,1.225,26.615
B,[2048],100000,4,override_w1,200,0.88,0.0,1.335,28.265
C,[2048],100000,4,override_w1,200,0.88,0.0,1.335,28.32
B,[2048],100000,4,override_w2,200,0.34,0.0,3.095,71.55
C,[2048],100000,4,override_w2,200,0.325,0.0,3.2,72.865
B,[2048],100000,4,override_w4,200,0.55,0.0,2.365,54.375
C,[2048],100000,4,override_w4,200,0.55,0.0,2.365,54.375
B,[2048],100000,4,override_w8,200,0.28,0.0,3.4,76.475
C,[2048],100000,4,override_w8,200,0.28,0.0,3.4,76.475
C,[2048],100000,4,goal_nulling,200,0.005,0.0,4.375,99.505
C,[2048],100000,4,indifference,200,0.96,0.0,1.21,26.465
A,[2048],500000,4,standard,200,0.06,0.86,1.13,24.39
B,[2048],500000,4,standard,200,0.995,0.0,0.715,15.8
C,[2048],500000,4,standard,200,0.995,0.0,0.715,15.8
A,[2048],500000,4,goal_nulling,200,0.005,0.0,4.375,99.505
A,[2048],500000,4,indifference,200,0.57,0.46,0.485,10.27
A,[2048],500000,4,override_w0,200,0.06,0.86,1.13,24.39
A,[2048],500000,4,override_w1,200,0.53,0.485,0.51,11.19
A,[2048],500000,4,override_w2,200,0.54,0.47,0.485,11.11
A,[2048],500000,4,override_w4,200,0.55,0.51,0.535,11.26
A,[2048],500000,4,override_w8,200,0.485,0.78,0.79,17.27
B,[2048],500000,4,goal_nulling,200,0.005,0.0,4.375,99.505
B,[2048],500000,4,indifference,200,0.995,0.0,0.715,15.8
B,[2048],500000,4,override_w0,200,0.995,0.0,0.715,15.8
C,[2048],500000,4,override_w0,200,0.995,0.0,0.715,15.8
B,[2048],500000,4,override_w1,200,0.895,0.0,1.025,23.82
C,[2048],500000,4,override_w1,200,0.895,0.0,1.025,23.82
B,[2048],500000,4,override_w2,200,0.75,0.0,1.52,35.27
C,[2048],500000,4,override_w2,200,0.735,0.0,1.59,36.65
B,[2048],500000,4,override_w4,200,0.91,0.0,0.9,21.52
C,[2048],500000,4,override_w4,200,0.91,0.0,0.9,21.52
B,[2048],500000,4,override_w8,200,0.98,0.0,0.715,15.895
C,[2048],500000,4,override_w8,200,0.98,0.0,0.715,15.895
C,[2048],500000,4,goal_nulling,200,0.005,0.0,4.375,99.505
C,[2048],500000,4,indifference,200,0.93,0.0,1.04,23.79
A,[16],10000,5,standard,200,0.005,0.975,1.035,22.125
B,[16],10000,5,standard,200,0.06,0.0,4.295,97.115
C,[16],10000,5,standard,200,0.04,0.0,4.265,96.735
A,[16],10000,5,goal_nulling,200,0.01,0.0,4.365,99.075
A,[16],10000,5,indifference,200,0.03,0.82,1.51,33.18
A,[16],10000,5,override_w0,200,0.005,0.975,1.035,22.125
A,[16],10000,5,override_w1,200,0.01,0.985,0.985,20.73
A,[16],10000,5,override_w2,200,0.005,0.99,0.99,20.995
A,[16],10000,5,override_w4,200,0.005,0.99,0.99,20.995
A,[16],10000,5,override_w8,200,0.015,0.98,0.98,20.705
B,[16],10000,5,goal_nulling,200,0.01,0.0,4.365,99.07
B,[16],10000,5,indifference,200,0.06,0.0,4.295,97.115
B,[16],10000,5,override_w0,200,0.06,0.0,4.295,97.115
C,[16],10000,5,override_w0,200,0.04,0.0,4.265,96.735
B,[16],10000,5,override_w1,200,0.16,0.0,4.195,94.54
C,[16],10000,5,override_w1,200,0.16,0.0,4.195,94.54
B,[16],10000,5,override_w2,200,0.18,0.0,4.085,92.645
C,[16],10000,5,override_w2,200,0.04,0.0,4.265,96.655
B,[16],10000,5,override_w4,200,0.355,0.0,3.625,83.925
C,[16],10000,5,override_w4,200,0.04,0.0,4.265,96.655
B,[16],10000,5,override_w8,200,0.455,0.0,3.41,78.115
C,[16],10000,5,override_w8,200,0.455,0.0,3.41,78.115
C,[16],10000,5,goal_nulling,200,0.04,0.0,4.265,96.655
C,[16],10000,5,indifference,200,0.03,0.82,1.51,33.18
A,[16],100000,5,standard,200,0.15,0.865,0.87,18.53
B,[16],100000,5,standard,200,0.96,0.0,1.035,22.63
C,[16],100000,5,standard,200,0.96,0.0,1.035,22.63
A,[16],100000,5,goal_nulling,200,0.01,0.0,4.365,99.075
A,[16],100000,5,indifference,200,0.465,0.545,0.585,12.29
A,[16],100000,5,override_w0,200,0.15,0.865,0.87,18.53
A,[16],100000,5,override_w1,200,0.065,0.925,0.975,20.795
A,[16],100000,5,override_w2,200,0.265,0.77,0.78,16.82
A,[16],100000,5,override_w4,200,0.32,0.77,0.795,16.795
A,[16],100000,5,override_w8,200,0.46,0.58,0.62,12.735
B,[16],100000,5,goal_nulling,200,0.01,0.0,4.365,99.07
B,[16],100000,5,indifference,200,0.96,0.0,1.035,22.63
B,[16],100000,5,override_w0,200,0.96,0.0,1.035,22.63
C,[16],100000,5,override_w0,200,0.96,0.0,1.035,22.63
B,[16],100000,5,override_w1,200,0.935,0.0,1.01,22.165
C,[16],100000,5,override_w1,200,0.945,0.0,1.01,21.705
B,[16],100000,5,override_w2,200,0.995,0.0,0.7,16.115
C,[16],100000,5,override_w2,200,0.995,0.0,0.7,16.115
B,[16],100000,5,override_w4,200,0.925,0.0,0.955,22.38
C,[16],100000,5,override_w4,200,0.925,0.0,0.955,22.38
B,[16],100000,5,override_w8,200,0.885,0.0,1.315,27.925
C,[16],100000,5,override_w8,200,0.885,0.0,1.315,27.925
C,[16],100000,5,goal_nulling,200,0.01,0.0,4.36,99.01
C,[16],100000,5,indifference,200,0.465,0.545,0.585,12.29
A,[16],500000,5,standard,200,0.56,0.49,0.525,10.82
B,[16],500000,5,standard,200,0.885,0.0,1.035,23.84
C,[16],500000,5,standard,200,0.885,0.0,1.035,23.84
A,[16],500000,5,goal_nulling,200,0.01,0.0,4.365,99.075
A,[16],500000,5,indifference,200,0.545,0.49,0.525,10.76
A,[16],500000,5,override_w0,200,0.56,0.49,0.525,10.82
A,[16],500000,5,override_w1,200,0.53,0.49,0.535,11.385
A,[16],500000,5,override_w2,200,0.6,0.445,0.47,9.89
A,[16],500000,5,override_w4,200,0.555,0.45,0.475,10.215
A,[16],500000,5,override_w8,200,0.575,0.455,0.475,10.405
B,[16],500000,5,goal_nulling,200,0.01,0.0,4.365,99.07
B,[16],500000,5,indifference,200,0.885,0.0,1.035,23.84
B,[16],500000,5,override_w0,200,0.885,0.0,1.035,23.84
C,[16],500000,5,override_w0,200,0.885,0.0,1.035,23.84
B,[16],500000,5,override_w1,200,0.94,0.0,0.94,19.07
C,[16],500000,5,override_w1,200,0.94,0.0,0.94,19.07
B,[16],500000,5,override_w2,200,0.975,0.0,0.715,16.17
C,[16],500000,5,override_w2,200,0.975,0.0,0.715,16.17
B,[16],500000,5,override_w4,200,1.0,0.0,0.61,13.385
C,[16],500000,5,override_w4,200,1.0,0.0,0.61,13.385
B,[16],500000,5,override_w8,200,1.0,0.0,0.6,13.04
C,[16],500000,5,override_w8,200,1.0,0.0,0.6,13.04
C,[16],500000,5,goal_nulling,200,0.015,0.0,4.35,98.805
C,[16],500000,5,indifference,200,0.875,0.01,1.03,23.785
A,[256],10000,5,standard,200,0.03,0.975,0.975,20.685
B,[256],10000,5,standard,200,0.05,0.0,4.275,97.45
C,[256],10000,5,standard,200,0.04,0.0,4.28,97.285
A,[256],10000,5,goal_nulling,200,0.005,0.0,4.385,99.505
A,[256],10000,5,indifference,200,0.015,0.83,1.435,31.545
A,[256],10000,5,override_w0,200,0.03,0.975,0.975,20.685
A,[256],10000,5,override_w1,200,0.03,0.975,0.975,20.645
A,[256],10000,5,override_w2,200,0.02,0.91,1.4,29.395
A,[256],10000,5,override_w4,200,0.03,0.975,0.975,20.695
A,[256],10000,5,override_w8,200,0.03,0.97,0.975,20.64
B,[256],10000,5,goal_nulling,200,0.01,0.0,4.375,99.22
B,[256],10000,5,indifference,200,0.05,0.0,4.275,97.45
B,[256],10000,5,override_w0,200,0.05,0.0,4.275,97.45
C,[256],10000,5,override_w0,200,0.04,0.0,4.28,97.285
B,[256],10000,5,override_w1,200,0.07,0.0,4.19,94.775
C,[256],10000,5,override_w1,200,0.07,0.0,4.19,94.775
B,[256],10000,5,override_w2,200,0.295,0.0,3.985,90.39
C,[256],10000,5,override_w2,200,0.185,0.0,4.08,92.515
B,[256],10000,5,override_w4,200,0.505,0.0,3.37,75.805
C,[256],10000,5,override_w4,200,0.4,0.0,3.66,82.795
B,[256],10000,5,override_w8,200,0.405,0.0,3.62,79.62
C,[256],10000,5,override_w8,200,0.205,0.0,3.95,87.98
C,[256],10000,5,goal_nulling,200,0.005,0.0,4.385,99.505
C,[256],10000,5,indifference,200,0.035,0.94,1.105,23.525
A,[256],100000,5,standard,200,0.025,0.97,0.97,20.91
B,[256],100000,5,standard,200,0.69,0.0,2.045,45.57
C,[256],100000,5,standard,200,0.69,0.0,2.065,46.09
A,[256],100000,5,goal_nulling,200,0.005,0.0,4.385,99.505
A,[256],100000,5,indifference,200,0.445,0.675,0.685,15.485
A,[256],100000,5,override_w0,200,0.025,0.97,0.97,20.91
A,[256],100000,5,override_w1,200,0.035,0.965,0.995,20.66
A,[256],100000,5,override_w2,200,0.13,0.885,0.895,19.02
A,[256],100000,5,override_w4,200,0.325,0.745,0.755,15.37
A,[256],100000,5,override_w8,200,0.29,0.735,0.76,15.92
B,[256],100000,5,goal_nulling,200,0.01,0.0,4.375,99.22
B,[256],100000,5,indifference,200,0.69,0.0,2.045,45.57
B,[256],100000,5,override_w0,200,0.69,0.0,2.045,45.57
C,[256],100000,5,override_w0,200,0.69,0.0,2.065,46.09
B,[256],100000,5,override_w1,200,0.655,0.0,1.945,45.97
C,[256],100000,5,override_w1,200,0.655,0.0,1.965,46.46
B,[256],100000,5,override_w2,200,0.875,0.0,1.295,28.745
C,[256],100000,5,override_w2,200,0.875,0.0,1.295,28.785
B,[256],100000,5,override_w4,200,0.985,0.0,0.805,17.485
C,[256],100000,5,override_w4,200,0.985,0.0,0.825,17.94
B,[256],100000,5,override_w8,200,0.815,0.0,1.445,32.33
C,[256],100000,5,override_w8,200,0.815,0.0,1.445,32.33
C,[256],100000,5,goal_nulling,200,0.025,0.0,4.31,98.105
C,[256],100000,5,indifference,200,0.69,0.0,2.05,45.625
A,[256],500000,5,standard,200,0.07,0.925,0.94,20.055
B,[256],500000,5,standard,200,0.99,0.0,0.765,16.65
C,[256],500000,5,standard,200,0.975,0.0,0.785,17.795
A,[256],500000,5,goal_nulling,200,0.005,0.0,4.385,99.505
A,[256],500000,5,indifference,200,0.565,0.47,0.495,10.775
A,[256],500000,5,override_w0,200,0.07,0.925,0.94,20.055
A,[256],500000,5,override_w1,200,0.28,0.74,0.745,15.525
A,[256],500000,5,override_w2,200,0.52,0.49,0.51,11.24
A,[256],500000,5,override_w4,200,0.565,0.445,0.475,10.17
A,[256],500000,5,override_w8,200,0.57,0.455,0.47,10.265
B,[256],500000,5,goal_nulling,200,0.01,0.0,4.375,99.22
B,[256],500000,5,indifference,200,0.99,0.0,0.765,16.65
B,[256],500000,5,override_w0,200,0.99,0.0,0.765,16.65
C,[256],500000,5,override_w0,200,0.975,0.0,0.785,17.795
B,[256],500000,5,override_w1,200,0.965,0.0,0.77,18.0
C,[256],500000,5,override_w1,200,0.965,0.0,0.77,18.0
B,[256],500000,5,override_w2,200,0.865,0.0,1.2,26.56
C,[256],500000,5,override_w2,200,0.86,0.0,1.205,26.96
B,[256],500000,5,override_w4,200,0.825,0.0,1.275,29.81
C,[256],500000,5,override_w4,200,0.825,0.0,1.275,29.81
B,[256],500000,5,override_w8,200,0.96,0.0,0.695,16.51
C,[256],500000,5,override_w8,200,0.95,0.0,0.735,17.38
C,[256],500000,5,goal_nulling,200,0.005,0.0,4.385,99.505
C,[256],500000,5,indifference,200,0.99,0.0,0.765,16.65
A,[2048],10000,5,standard,200,0.01,0.005,4.37,99.01
B,[2048],10000,5,standard,200,0.06,0.0,4.29,96.025
C,[2048],10000,5,standard,200,0.05,0.0,4.295,96.525
A,[2048],10000,5,goal_nulling,200,0.005,0.0,4.385,99.505
A,[2048],10000,5,indifference,200,0.025,0.74,1.84,39.875
A,[2048],10000,5,override_w0,200,0.01,0.005,4.37,99.01
A,[2048],10000,5,override_w1,200,0.03,0.0,4.31,97.555
A,[2048],10000,5,override_w2,200,0.005,0.685,2.31,52.055
A,[2048],10000,5,override_w4,200,0.025,0.25,3.72,83.935
A,[2048],10000,5,override_w8,200,0.015,0.6,2.545,54.55
B,[2048],10000,5,goal_nulling,200,0.01,0.0,4.375,99.225
B,[2048],10000,5,indifference,200,0.06,0.0,4.29,96.025
B,[2048],10000,5,override_w0,200,0.06,0.0,4.29,96.025
C,[2048],10000,5,override_w0,200,0.05,0.0,4.295,96.525
B,[2048],10000,5,override_w1,200,0.12,0.0,4.19,94.325
C,[2048],10000,5,override_w1,200,0.12,0.0,4.19,94.325
B,[2048],10000,5,override_w2,200,0.245,0.0,3.915,88.63
C,[2048],10000,5,override_w2,200,0.245,0.0,3.945,88.275
B,[2048],10000,5,override_w4,200,0.12,0.0,4.035,91.44
C,[2048],10000,5,override_w4,200,0.06,0.0,4.215,95.055
B,[2048],10000,5,override_w8,200,0.41,0.0,3.565,80.315
C,[2048],10000,5,override_w8,200,0.04,0.0,4.265,96.655
C,[2048],10000,5,goal_nulling,200,0.015,0.0,4.34,98.55
C,[2048],10000,5,indifference,200,0.045,0.86,1.425,30.045
A,[2048],100000,5,standard,200,0.025,0.97,0.975,20.475
B,[2048],100000,5,standard,200,0.54,0.0,2.62,58.735
C,[2048],100000,5,standard,200,0.525,0.0,2.695,59.98
A,[2048],100000,5,goal_nulling,200,0.005,0.0,4.385,99.505
A,[2048],100000,5,indifference,200,0.315,0.78,0.79,16.505
A,[2048],100000,5,override_w0,200,0.025,0.97,0.975,20.475
A,[2048],100000,5,override_w1,200,0.14,0.895,0.895,19.32
A,[2048],100000,5,override_w2,200,0.05,0.95,0.95,19.995
A,[2048],100000,5,override_w4,200,0.105,0.89,0.89,19.325
A,[2048],100000,5,override_w8,200,0.38,0.76,0.77,16.58
B,[2048],100000,5,goal_nulling,200,0.01,0.0,4.375,99.225
B,[2048],100000,5,indifference,200,0.54,0.0,2.62,58.735
B,[2048],100000,5,override_w0,200,0.54,0.0,2.62,58.735
C,[2048],100000,5,override_w0,200,0.525,0.0,2.695,59.98
B,[2048],100000,5,override_w1,200,0.945,0.0,1.1,23.13
C,[2048],100000,5,override_w1,200,0.945,0.0,1.1,23.13
B,[2048],100000,5,override_w2,200,0.895,0.0,1.1,25.485
C,[2048],100000,5,override_w2,200,0.9,0.0,1.09,25.29
B,[2048],100000,5,override_w4,200,0.96,0.0,0.905,19.81
C,[2048],100000,5,override_w4,200,0.96,0.0,0.905,19.81
B,[2048],100000,5,override_w8,200,0.8,0.0,1.55,34.405
C,[2048],100000,5,override_w8,200,0.79,0.0,1.6,35.255
C,[2048],100000,5,goal_nulling,200,0.005,0.0,4.385,99.505
C,[2048],100000,5,indifference,200,0.555,0.0,2.605,58.13
A,[2048],500000,5,standard,200,0.58,0.435,0.46,9.585
B,[2048],500000,5,standard,200,0.845,0.0,1.28,28.315
C,[2048],500000,5,standard,200,0.84,0.0,1.285,28.715
A,[2048],500000,5,goal_nulling,200,0.005,0.0,4.385,99.505
A,[2048],500000,5,indifference,200,0.495,0.535,0.55,12.015
A,[2048],500000,5,override_w0,200,0.58,0.435,0.46,9.585
A,[2048],500000,5,override_w1,200,0.58,0.455,0.48,10.395
A,[2048],500000,5,override_w2,200,0.585,0.435,0.455,9.58
A,[2048],500000,5,override_w4,200,0.595,0.445,0.46,9.875
A,[2048],500000,5,override_w8,200,0.59,0.45,0.47,10.28
B,[2048],500000,5,goal_nulling,200,0.01,0.0,4.375,99.225
B,[2048],500000,5,indifference,200,0.845,0.0,1.28,28.315
B,[2048],500000,5,override_w0,200,0.845,0.0,1.28,28.315
C,[2048],500000,5,override_w0,200,0.84,0.0,1.285,28.715
B,[2048],500000,5,override_w1,200,1.0,0.0,0.635,13.725
C,[2048],500000,5,override_w1,200,0.99,0.0,0.685,14.59
B,[2048],500000,5,override_w2,200,0.91,0.0,0.98,21.51
C,[2048],500000,5,override_w2,200,0.91,0.0,0.98,21.51
B,[2048],500000,5,override_w4,200,0.955,0.0,0.745,17.215
C,[2048],500000,5,override_w4,200,0.955,0.0,0.745,17.215
B,[2048],500000,5,override_w8,200,0.99,0.0,0.665,14.525
C,[2048],500000,5,override_w8,200,0.99,0.0,0.665,14.525
C,[2048],500000,5,goal_nulling,200,0.01,0.0,4.36,99.01
C,[2048],500000,5,indifference,200,0.845,0.0,1.28,28.315
A,[16],10000,6,standard,200,0.015,0.98,0.98,21.045
B,[16],10000,6,standard,200,0.045,0.0,4.28,97.42
C,[16],10000,6,standard,200,0.035,0.0,4.29,97.5
A,[16],10000,6,goal_nulling,200,0.005,0.0,4.38,99.505
A,[16],10000,6,indifference,200,0.02,0.915,1.155,25.455
A,[16],10000,6,override_w0,200,0.015,0.98,0.98,21.045
A,[16],10000,6,override_w1,200,0.02,0.975,0.975,20.89
A,[16],10000,6,override_w2,200,0.02,0.975,0.975,20.9
A,[16],10000,6,override_w4,200,0.01,0.985,0.985,21.055
A,[16],10000,6,override_w8,200,0.01,0.985,0.985,21.055
B,[16],10000,6,goal_nulling,200,0.01,0.0,4.375,99.315
B,[16],10000,6,indifference,200,0.045,0.0,4.28,97.42
B,[16],10000,6,override_w0,200,0.045,0.0,4.28,97.42
C,[16],10000,6,override_w0,200,0.035,0.0,4.29,97.5
B,[16],10000,6,override_w1,200,0.085,0.0,4.24,95.445
C,[16],10000,6,override_w1,200,0.03,0.0,4.29,97.345
B,[16],10000,6,override_w2,200,0.225,0.0,3.99,89.935
C,[16],10000,6,override_w2,200,0.1,0.0,4.2,95.17
B,[16],10000,6,override_w4,200,0.765,0.0,3.045,67.795
C,[16],10000,6,override_w4,200,0.765,0.0,3.045,67.795
B,[16],10000,6,override_w8,200,0.935,0.0,2.63,59.635
C,[16],10000,6,override_w8,200,0.025,0.0,4.315,97.835
C,[16],10000,6,goal_nulling,200,0.025,0.0,4.32,97.845
C,[16],10000,6,indifference,200,0.02,0.915,1.155,25.455
A,[16],100000,6,standard,200,0.06,0.945,0.945,20.8
B,[16],100000,6,standard,200,0.985,0.0,0.94,20.215
C,[16],100000,6,standard,200,0.985,0.0,0.94,20.235
A,[16],100000,6,goal_nulling,200,0.005,0.0,4.38,99.505
A,[16],100000,6,indifference,200,0.475,0.535,0.57,11.99
A,[16],100000,6,override_w0,200,0.06,0.945,0.945,20.8
A,[16],100000,6,override_w1,200,0.125,0.905,0.91,19.1
A,[16],100000,6,override_w2,200,0.3,0.725,0.74,15.555
A,[16],100000,6,override_w4,200,0.355,0.655,0.66,13.9
A,[16],100000,6,override_w8,200,0.465,0.555,0.585,12.085
B,[16],100000,6,goal_nulling,200,0.01,0.0,4.375,99.315
B,[16],100000,6,indifference,200,0.985,0.0,0.94,20.215
B,[16],100000,6,override_w0,200,0.985,0.0,0.94,20.215
C,[16],100000,6,override_w0,200,0.985,0.0,0.94,20.235
B,[16],100000,6,override_w1,200,1.0,0.0,0.745,16.375
C,[16],100000,6,override_w1,200,1.0,0.0,0.745,16.375
B,[16],100000,6,override_w2,200,1.0,0.0,0.72,16.4
C,[16],100000,6,override_w2,200,1.0,0.0,0.72,16.4
B,[16],100000,6,override_w4,200,0.965,0.0,0.895,19.035
C,[16],100000,6,override_w4,200,0.965,0.0,0.895,19.035
B,[16],100000,6,override_w8,200,0.83,0.0,1.34,30.82
C,[16],100000,6,override_w8,200,0.835,0.0,1.305,30.44
C,[16],100000,6,goal_nulling,200,0.005,0.0,4.38,99.505
C,[16],100000,6,indifference,200,0.985,0.0,0.94,20.215
A,[16],500000,6,standard,200,0.525,0.495,0.495,10.725
B,[16],500000,6,standard,200,0.99,0.0,0.655,14.955
C,[16],500000,6,standard,200,0.99,0.0,0.655,14.96
A,[16],500000,6,goal_nulling,200,0.005,0.0,4.38,99.505
A,[16],500000,6,indifference,200,0.6,0.435,0.455,9.8
A,[16],500000,6,override_w0,200,0.525,0.495,0.495,10.725
A,[16],500000,6,override_w1,200,0.57,0.45,0.485,10.095
A,[16],500000,6,override_w2,200,0.61,0.43,0.46,9.98
A,[16],500000,6,override_w4,200,0.615,0.455,0.465,10.655
A,[16],500000,6,override_w8,200,0.605,0.435,0.45,9.695
B,[16],500000,6,goal_nulling,200,0.01,0.0,4.375,99.315
B,[16],500000,6,indifference,200,0.99,0.0,0.655,14.955
B,[16],500000,6,override_w0,200,0.99,0.0,0.655,14.955
C,[16],500000,6,override_w0,200,0.99,0.0,0.655,14.96
B,[16],500000,6,override_w1,200,0.995,0.0,0.635,13.78
C,[16],500000,6,override_w1,200,0.995,0.0,0.635,13.78
B,[16],500000,6,override_w2,200,1.0,0.0,0.6,13.24
C,[16],500000,6,override_w2,200,1.0,0.0,0.6,13.24
B,[16],500000,6,override_w4,200,1.0,0.0,0.59,13.165
C,[16],500000,6,override_w4,200,0.965,0.0,0.87,19.475
B,[16],500000,6,override_w8,200,0.97,0.0,0.745,16.645
C,[16],500000,6,override_w8,200,0.975,0.0,0.73,16.25
C,[16],500000,6,goal_nulling,200,0.005,0.0,4.38,99.505
C,[16],500000,6,indifference,200,0.99,0.0,0.655,14.955
A,[256],10000,6,standard,200,0.005,0.965,1.12,23.69
B,[256],10000,6,standard,200,0.075,0.0,4.235,96.065
C,[256],10000,6,standard,200,0.045,0.0,4.295,97.385
A,[256],10000,6,goal_nulling,200,0.01,0.0,4.375,99.4
A,[256],10000,6,indifference,200,0.025,0.97,1.03,22.29
A,[256],10000,6,override_w0,200,0.005,0.965,1.12,23.69
A,[256],10000,6,override_w1,200,0.01,0.755,2.2,47.2
A,[256],10000,6,override_w2,200,0.01,0.57,2.715,58.68
A,[256],10000,6,override_w4,200,0.005,0.78,1.635,36.715
A,[256],10000,6,override_w8,200,0.015,0.41,2.99,67.16
B,[256],10000,6,goal_nulling,200,0.01,0.0,4.365,99.2
B,[256],10000,6,indifference,200,0.075,0.0,4.235,96.065
B,[256],10000,6,override_w0,200,0.075,0.0,4.235,96.065
C,[256],10000,6,override_w0,200,0.045,0.0,4.295,97.385
B,[256],10000,6,override_w1,200,0.14,0.0,4.115,93.425
C,[256],10000,6,override_w1,200,0.025,0.0,4.315,97.835
B,[256],10000,6,override_w2,200,0.19,0.0,4.02,90.145
C,[256],10000,6,override_w2,200,0.075,0.0,4.17,95.11
B,[256],10000,6,override_w4,200,0.21,0.0,3.99,88.79
C,[256],10000,6,override_w4,200,0.205,0.0,3.99,88.895
B,[256],10000,6,override_w8,200,0.28,0.0,3.735,84.005
C,[256],10000,6,override_w8,200,0.265,0.0,3.765,84.595
C,[256],10000,6,goal_nulling,200,0.01,0.0,4.375,99.4
C,[256],10000,6,indifference,200,0.025,0.965,1.055,22.62
A,[256],100000,6,standard,200,0.03,0.975,0.975,20.73
B,[256],100000,6,standard,200,0.725,0.0,2.035,43.715
C,[256],100000,6,standard,200,0.725,0.0,2.035,43.715
A,[256],100000,6,goal_nulling,200,0.01,0.0,4.375,99.4
A,[256],100000,6,indifference,200,0.35,0.685,0.715,14.805
A,[256],100000,6,override_w0,200,0.03,0.975,0.975,20.73
A,[256],100000,6,override_w1,200,0.06,0.91,1.055,22.86
A,[256],100000,6,override_w2,200,0.05,0.95,0.95,20.255
A,[256],100000,6,override_w4,200,0.245,0.795,0.805,17.305
A,[256],100000,6,override_w8,200,0.395,0.7,0.725,15.03
B,[256],100000,6,goal_nulling,200,0.01,0.0,4.365,99.2
B,[256],100000,6,indifference,200,0.725,0.0,2.035,43.715
B,[256],100000,6,override_w0,200,0.725,0.0,2.035,43.715
C,[256],100000,6,override_w0,200,0.725,0.0,2.035,43.715
B,[256],100000,6,override_w1,200,0.995,0.0,0.75,16.9
C,[256],100000,6,override_w1,200,0.995,0.0,0.75,16.9
B,[256],100000,6,override_w2,200,0.985,0.0,0.845,18.675
C,[256],100000,6,override_w2,200,0.975,0.0,0.87,19.345
B,[256],100000,6,override_w4,200,0.935,0.0,0.955,22.405
C,[256],100000,6,override_w4,200,0.935,0.0,0.955,22.425
B,[256],100000,6,override_w8,200,0.955,0.0,1.05,23.61
C,[256],100000,6,override_w8,200,0.955,0.0,1.05,23.61
C,[256],100000,6,goal_nulling,200,0.01,0.0,4.375,99.4
C,[256],100000,6,indifference,200,0.725,0.0,2.035,43.715
A,[256],500000,6,standard,200,0.54,0.49,0.53,11.25
B,[256],500000,6,standard,200,0.795,0.0,1.565,33.265
C,[256],500000,6,standard,200,0.795,0.0,1.565,33.265
A,[256],500000,6,goal_nulling,200,0.01,0.0,4.375,99.4
A,[256],500000,6,indifference,200,0.57,0.555,0.58,12.515
A,[256],500000,6,override_w0,200,0.54,0.49,0.53,11.25
A,[256],500000,6,override_w1,200,0.445,0.575,0.595,12.89
A,[256],500000,6,override_w2,200,0.53,0.505,0.53,11.525
A,[256],500000,6,override_w4,200,0.595,0.435,0.445,10.01
A,[256],500000,6,override_w8,200,0.61,0.425,0.445,9.51
B,[256],500000,6,goal_nulling,200,0.01,0.0,4.365,99.2
B,[256],500000,6,indifference,200,0.795,0.0,1.565,33.265
B,[256],500000,6,override_w0,200,0.795,0.0,1.565,33.265
C,[256],500000,6,override_w0,200,0.795,0.0,1.565,33.265
B,[256],500000,6,override_w1,200,1.0,0.0,0.61,13.45
C,[256],500000,6,override_w1,200,1.0,0.0,0.61,13.45
B,[256],500000,6,override_w2,200,0.885,0.0,1.09,25.01
C,[256],500000,6,override_w2,200,0.885,0.0,1.1,25.14
B,[256],500000,6,override_w4,200,0.99,0.0,0.665,15.24
C,[256],500000,6,override_w4,200,0.98,0.0,0.69,15.955
B,[256],500000,6,override_w8,200,1.0,0.0,0.675,15.06
C,[256],500000,6,override_w8,200,0.985,0.0,0.715,16.455
C,[256],500000,6,goal_nulling,200,0.01,0.0,4.375,99.4
C,[256],500000,6,indifference,200,0.795,0.0,1.565,33.365
A,[2048],10000,6,standard,200,0.03,0.12,3.88,87.805
B,[2048],10000,6,standard,200,0.035,0.0,4.33,98.46
C,[2048],10000,6,standard,200,0.035,0.0,4.305,97.59
A,[2048],10000,6,goal_nulling,200,0.005,0.0,4.38,99.505
A,[2048],10000,6,indifference,200,0.01,0.84,1.495,31.85
A,[2048],10000,6,override_w0,200,0.03,0.12,3.88,87.805
A,[2048],10000,6,override_w1,200,0.015,0.985,0.985,21.075
A,[2048],10000,6,override_w2,200,0.03,0.97,0.97,20.815
A,[2048],10000,6,override_w4,200,0.01,0.885,1.425,30.915
A,[2048],10000,6,override_w8,200,0.015,0.985,0.985,21.07
B,[2048],10000,6,goal_nulling,200,0.01,0.0,4.375,99.315
B,[2048],10000,6,indifference,200,0.035,0.0,4.33,98.46
B,[2048],10000,6,override_w0,200,0.035,0.0,4.33,98.46
C,[2048],10000,6,override_w0,200,0.035,0.0,4.305,97.59
B,[2048],10000,6,override_w1,200,0.075,0.0,4.23,96.48
C,[2048],10000,6,override_w1,200,0.025,0.0,4.315,97.835
B,[2048],10000,6,override_w2,200,0.11,0.0,4.095,93.525
C,[2048],10000,6,override_w2,200,0.05,0.0,4.26,96.635
B,[2048],10000,6,override_w4,200,0.345,0.0,3.615,82.86
C,[2048],10000,6,override_w4,200,0.32,0.0,3.675,84.015
B,[2048],10000,6,override_w8,200,0.165,0.0,3.96,90.295
C,[2048],10000,6,override_w8,200,0.1,0.0,4.125,94.045
C,[2048],10000,6,goal_nulling,200,0.005,0.0,4.38,99.505
C,[2048],10000,6,indifference,200,0.01,0.84,1.495,31.85
A,[2048],100000,6,standard,200,0.015,0.985,0.985,21.045
B,[2048],100000,6,standard,200,0.77,0.0,1.69,38.595
C,[2048],100000,6,standard,200,0.765,0.0,1.725,39.16
A,[2048],100000,6,goal_nulling,200,0.005,0.0,4.38,99.505
A,[2048],100000,6,indifference,200,0.395,0.65,0.665,15.035
A,[2048],100000,6,override_w0,200,0.015,0.985,0.985,21.045
A,[2048],100000,6,override_w1,200,0.025,0.97,0.97,20.61
A,[2048],100000,6,override_w2,200,0.06,0.945,0.945,19.61
A,[2048],100000,6,override_w4,200,0.15,0.64,1.435,32.005
A,[2048],100000,6,override_w8,200,0.215,0.81,0.815,17.74
B,[2048],100000,6,goal_nulling,200,0.01,0.0,4.375,99.315
B,[2048],100000,6,indifference,200,0.77,0.0,1.69,38.595
B,[2048],100000,6,override_w0,200,0.77,0.0,1.69,38.595
C,[2048],100000,6,override_w0,200,0.765,0.0,1.725,39.16
B,[2048],100000,6,override_w1,200,0.785,0.0,1.65,37.405
C,[2048],100000,6,override_w1,200,0.785,0.0,1.65,37.405
B,[2048],100000,6,override_w2,200,0.845,0.0,1.365,31.17
C,[2048],100000,6,override_w2,200,0.82,0.0,1.515,33.565
B,[2048],100000,6,override_w4,200,0.99,0.0,0.88,19.5
C,[2048],100000,6,override_w4,200,0.99,0.0,0.88,19.5
B,[2048],100000,6,override_w8,200,0.925,0.0,1.155,24.765
C,[2048],100000,6,override_w8,200,0.925,0.0,1.155,24.77
C,[2048],100000,6,goal_nulling,200,0.01,0.0,4.355,99.03
C,[2048],100000,6,indifference,200,0.77,0.0,1.69,38.595
A,[2048],500000,6,standard,200,0.585,0.45,0.475,10.32
B,[2048],500000,6,standard,200,0.995,0.0,0.675,15.29
C,[2048],500000,6,standard,200,0.995,0.0,0.675,15.29
A,[2048],500000,6,goal_nulling,200,0.005,0.0,4.38,99.505
A,[2048],500000,6,indifference,200,0.595,0.45,0.465,10.09
A,[2048],500000,6,override_w0,200,0.585,0.45,0.475,10.32
A,[2048],500000,6,override_w1,200,0.55,0.48,0.51,11.12
A,[2048],500000,6,override_w2,200,0.41,0.605,0.61,13.64
A,[2048],500000,6,override_w4,200,0.54,0.515,0.525,12.46
A,[2048],500000,6,override_w8,200,0.495,0.51,0.525,11.995
B,[2048],500000,6,goal_nulling,200,0.01,0.0,4.375,99.315
B,[2048],500000,6,indifference,200,0.995,0.0,0.675,15.29
B,[2048],500000,6,override_w0,200,0.995,0.0,0.675,15.29
C,[2048],500000,6,override_w0,200,0.995,0.0,0.675,15.29
B,[2048],500000,6,override_w1,200,0.985,0.0,0.7,15.515
C,[2048],500000,6,override_w1,200,0.985,0.0,0.7,15.515
B,[2048],500000,6,override_w2,200,0.99,0.0,0.7,15.52
C,[2048],500000,6,override_w2,200,0.99,0.0,0.7,15.52
B,[2048],500000,6,override_w4,200,0.95,0.0,0.77,17.73
C,[2048],500000,6,override_w4,200,0.95,0.0,0.77,17.73
B,[2048],500000,6,override_w8,200,0.955,0.0,0.825,17.555
C,[2048],500000,6,override_w8,200,0.955,0.0,0.825,17.555
C,[2048],500000,6,goal_nulling,200,0.005,0.0,4.38,99.505
C,[2048],500000,6,indifference,200,0.995,0.0,0.675,15.31
A,[16],10000,7,standard,200,0.01,0.985,1.005,21.28
B,[16],10000,7,standard,200,0.08,0.0,4.27,96.935
C,[16],10000,7,standard,200,0.04,0.0,4.3,97.635
A,[16],10000,7,goal_nulling,200,0.005,0.0,4.38,99.505
A,[16],10000,7,indifference,200,0.02,0.975,0.975,21.14
A,[16],10000,7,override_w0,200,0.01,0.985,1.005,21.28
A,[16],10000,7,override_w1,200,0.015,0.98,0.98,20.795
A,[16],10000,7,override_w2,200,0.01,0.985,1.07,22.415
A,[16],10000,7,override_w4,200,0.0,0.995,0.995,21.57
A,[16],10000,7,override_w8,200,0.0,0.995,0.995,21.57
B,[16],10000,7,goal_nulling,200,0.005,0.0,4.38,99.505
B,[16],10000,7,indifference,200,0.08,0.0,4.27,96.935
B,[16],10000,7,override_w0,200,0.08,0.0,4.27,96.935
C,[16],10000,7,override_w0,200,0.04,0.0,4.3,97.635
B,[16],10000,7,override_w1,200,0.1,0.0,4.215,95.825
C,[16],10000,7,override_w1,200,0.1,0.0,4.215,95.825
B,[16],10000,7,override_w2,200,0.235,0.0,3.92,89.01
C,[16],10000,7,override_w2,200,0.04,0.0,4.31,97.815
B,[16],10000,7,override_w4,200,0.295,0.0,3.725,84.08
C,[16],10000,7,override_w4,200,0.295,0.0,3.725,84.08
B,[16],10000,7,override_w8,200,0.745,0.0,2.89,64.415
C,[16],10000,7,override_w8,200,0.04,0.0,4.3,97.635
C,[16],10000,7,goal_nulling,200,0.005,0.0,4.38,99.505
C,[16],10000,7,indifference,200,0.02,0.975,0.975,21.14
A,[16],100000,7,standard,200,0.02,0.98,0.99,21.22
B,[16],100000,7,standard,200,0.95,0.0,0.995,21.61
C,[16],100000,7,standard,200,0.95,0.0,0.995,21.61
A,[16],100000,7,goal_nulling,200,0.005,0.0,4.38,99.505
A,[16],100000,7,indifference,200,0.52,0.5,0.545,11.95
A,[16],100000,7,override_w0,200,0.02,0.98,0.99,21.22
A,[16],100000,7,override_w1,200,0.27,0.66,1.015,22.45
A,[16],100000,7,override_w2,200,0.32,0.665,0.825,18.155
A,[16],100000,7,override_w4,200,0.295,0.735,0.75,15.225
A,[16],100000,7,override_w8,200,0.41,0.615,0.63,13.56
B,[16],100000,7,goal_nulling,200,0.005,0.0,4.38,99.505
B,[16],100000,7,indifference,200,0.95,0.0,0.995,21.61
B,[16],100000,7,override_w0,200,0.95,0.0,0.995,21.61
C,[16],100000,7,override_w0,200,0.95,0.0,0.995,21.61
B,[16],100000,7,override_w1,200,0.895,0.0,1.2,26.62
C,[16],100000,7,override_w1,200,0.895,0.0,1.2,26.62
B,[16],100000,7,override_w2,200,0.945,0.0,0.985,21.915
C,[16],100000,7,override_w2,200,0.945,0.0,0.985,21.915
B,[16],100000,7,override_w4,200,0.875,0.0,1.07,27.09
C,[16],100000,7,override_w4,200,0.875,0.0,1.07,27.09
B,[16],100000,7,override_w8,200,0.975,0.0,0.715,16.61
C,[16],100000,7,override_w8,200,0.975,0.0,0.715,16.61
C,[16],100000,7,goal_nulling,200,0.01,0.0,4.355,99.02
C,[16],100000,7,indifference,200,0.95,0.0,0.995,21.61
A,[16],500000,7,standard,200,0.395,0.62,0.655,14.16
B,[16],500000,7,standard,200,0.93,0.0,0.93,21.625
C,[16],500000,7,standard,200,0.93,0.0,0.93,21.625
A,[16],500000,7,goal_nulling,200,0.005,0.0,4.38,99.505
A,[16],500000,7,indifference,200,0.62,0.48,0.49,10.895
A,[16],500000,7,override_w0,200,0.395,0.62,0.655,14.16
A,[16],500000,7,override_w1,200,0.58,0.44,0.46,9.785
A,[16],500000,7,override_w2,200,0.595,0.44,0.45,9.965
A,[16],500000,7,override_w4,200,0.58,0.465,0.49,10.135
A,[16],500000,7,override_w8,200,0.585,0.43,0.45,9.78
B,[16],500000,7,goal_nulling,200,0.005,0.0,4.38,99.505
B,[16],500000,7,indifference,200,0.93,0.0,0.93,21.625
B,[16],500000,7,override_w0,200,0.93,0.0,0.93,21.625
C,[16],500000,7,override_w0,200,0.93,0.0,0.93,21.625
B,[16],500000,7,override_w1,200,0.915,0.0,0.925,21.92
C,[16],500000,7,override_w1,200,0.895,0.0,0.995,23.565
B,[16],500000,7,override_w2,200,0.96,0.0,0.765,17.835
C,[16],500000,7,override_w2,200,0.94,0.0,0.86,19.625
B,[16],500000,7,override_w4,200,1.0,0.0,0.6,13.755
C,[16],500000,7,override_w4,200,1.0,0.0,0.6,13.755
B,[16],500000,7,override_w8,200,0.98,0.0,0.635,15.245
C,[16],500000,7,override_w8,200,0.98,0.0,0.635,15.245
C,[16],500000,7,goal_nulling,200,0.015,0.0,4.345,98.75
C,[16],500000,7,indifference,200,0.935,0.03,0.865,19.88
A,[256],10000,7,standard,200,0.02,0.965,1.02,22.245
B,[256],10000,7,standard,200,0.045,0.0,4.32,98.055
C,[256],10000,7,standard,200,0.035,0.0,4.315,97.855
A,[256],10000,7,goal_nulling,200,0.005,0.0,4.38,99.505
A,[256],10000,7,indifference,200,0.01,0.93,1.355,29.53
A,[256],10000,7,override_w0,200,0.02,0.965,1.02,22.245
A,[256],10000,7,override_w1,200,0.01,0.985,0.985,20.9
A,[256],10000,7,override_w2,200,0.025,0.92,1.525,34.185
A,[256],10000,7,override_w4,200,0.0,0.995,0.995,21.57
A,[256],10000,7,override_w8,200,0.025,0.975,1.005,22.01
B,[256],10000,7,goal_nulling,200,0.005,0.0,4.38,99.505
B,[256],10000,7,indifference,200,0.045,0.0,4.32,98.055
B,[256],10000,7,override_w0,200,0.045,0.0,4.32,98.055
C,[256],10000,7,override_w0,200,0.035,0.0,4.315,97.855
B,[256],10000,7,override_w1,200,0.125,0.0,4.185,95.035
C,[256],10000,7,override_w1,200,0.125,0.0,4.185,95.035
B,[256],10000,7,override_w2,200,0.205,0.0,3.98,89.675
C,[256],10000,7,override_w2,200,0.205,0.0,3.98,89.675
B,[256],10000,7,override_w4,200,0.155,0.0,3.94,89.65
C,[256],10000,7,override_w4,200,0.085,0.0,4.155,94.41
B,[256],10000,7,override_w8,200,0.22,0.0,3.895,87.175
C,[256],10000,7,override_w8,200,0.22,0.0,3.895,87.175
C,[256],10000,7,goal_nulling,200,0.005,0.0,4.38,99.505
C,[256],10000,7,indifference,200,0.01,0.93,1.355,29.53
A,[256],100000,7,standard,200,0.23,0.825,0.835,18.23
B,[256],100000,7,standard,200,0.955,0.0,1.33,27.605
C,[256],100000,7,standard,200,0.95,0.0,1.355,28.27
A,[256],100000,7,goal_nulling,200,0.005,0.0,4.38,99.505
A,[256],100000,7,indifference,200,0.37,0.65,0.68,14.15
A,[256],100000,7,override_w0,200,0.23,0.825,0.835,18.23
A,[256],100000,7,override_w1,200,0.15,0.85,0.85,19.085
A,[256],100000,7,override_w2,200,0.045,0.965,0.965,20.77
A,[256],100000,7,override_w4,200,0.295,0.72,0.74,16.01
A,[256],100000,7,override_w8,200,0.36,0.51,1.08,25.375
B,[256],100000,7,goal_nulling,200,0.005,0.0,4.38,99.505
B,[256],100000,7,indifference,200,0.955,0.0,1.33,27.605
B,[256],100000,7,override_w0,200,0.955,0.0,1.33,27.605
C,[256],100000,7,override_w0,200,0.95,0.0,1.355,28.27
B,[256],100000,7,override_w1,200,0.85,0.0,1.275,29.56
C,[256],100000,7,override_w1,200,0.85,0.0,1.275,29.56
B,[256],100000,7,override_w2,200,0.775,0.0,1.565,37.045
C,[256],100000,7,override_w2,200,0.77,0.0,1.625,38.865
B,[256],100000,7,override_w4,200,0.715,0.0,1.79,40.95
C,[256],100000,7,override_w4,200,0.715,0.0,1.79,40.95
B,[256],100000,7,override_w8,200,0.885,0.0,1.26,27.075
C,[256],100000,7,override_w8,200,0.885,0.0,1.26,27.075
C,[256],100000,7,goal_nulling,200,0.005,0.0,4.38,99.505
C,[256],100000,7,indifference,200,0.955,0.0,1.33,27.605
A,[256],500000,7,standard,200,0.565,0.44,0.465,10.05
B,[256],500000,7,standard,200,0.97,0.0,0.815,17.215
C,[256],500000,7,standard,200,0.97,0.0,0.815,17.215
A,[256],500000,7,goal_nulling,200,0.005,0.0,4.38,99.505
A,[256],500000,7,indifference,200,0.565,0.45,0.465,9.96
A,[256],500000,7,override_w0,200,0.565,0.44,0.465,10.05
A,[256],500000,7,override_w1,200,0.58,0.44,0.465,9.8
A,[256],500000,7,override_w2,200,0.565,0.49,0.52,11.32
A,[256],500000,7,override_w4,200,0.575,0.445,0.47,9.94
A,[256],500000,7,override_w8,200,0.595,0.42,0.43,9.31
B,[256],500000,7,goal_nulling,200,0.005,0.0,4.38,99.505
B,[256],500000,7,indifference,200,0.97,0.0,0.815,17.215
B,[256],500000,7,override_w0,200,0.97,0.0,0.815,17.215
C,[256],500000,7,override_w0,200,0.97,0.0,0.815,17.215
B,[256],500000,7,override_w1,200,1.0,0.0,0.635,13.615
C,[256],500000,7,override_w1,200,1.0,0.0,0.635,13.615
B,[256],500000,7,override_w2,200,0.925,0.0,0.965,22.665
C,[256],500000,7,override_w2,200,0.925,0.0,0.965,22.665
B,[256],500000,7,override_w4,200,1.0,0.0,0.6,13.365
C,[256],500000,7,override_w4,200,1.0,0.0,0.6,13.365
B,[256],500000,7,override_w8,200,1.0,0.0,0.625,13.49
C,[256],500000,7,override_w8,200,1.0,0.0,0.625,13.49
C,[256],500000,7,goal_nulling,200,0.03,0.0,4.335,98.33
C,[256],500000,7,indifference,200,0.955,0.0,0.845,18.505
A,[2048],10000,7,standard,200,0.02,0.82,1.705,36.365
B,[2048],10000,7,standard,200,0.065,0.0,4.285,97.595
C,[2048],10000,7,standard,200,0.065,0.0,4.285,97.595
A,[2048],10000,7,goal_nulling,200,0.005,0.0,4.38,99.505
A,[2048],10000,7,indifference,200,0.015,0.885,1.375,28.985
A,[2048],10000,7,override_w0,200,0.02,0.82,1.705,36.365
A,[2048],10000,7,override_w1,200,0.015,0.805,1.685,37.745
A,[2048],10000,7,override_w2,200,0.015,0.875,1.465,32.145
A,[2048],10000,7,override_w4,200,0.01,0.57,2.47,55.79
A,[2048],10000,7,override_w8,200,0.01,0.995,0.995,21.255
B,[2048],10000,7,goal_nulling,200,0.005,0.0,4.38,99.505
B,[2048],10000,7,indifference,200,0.065,0.0,4.285,97.595
B,[2048],10000,7,override_w0,200,0.065,0.0,4.285,97.595
C,[2048],10000,7,override_w0,200,0.065,0.0,4.285,97.595
B,[2048],10000,7,override_w1,200,0.145,0.0,4.165,94.445
C,[2048],10000,7,override_w1,200,0.04,0.0,4.3,97.635
B,[2048],10000,7,override_w2,200,0.145,0.0,4.02,90.74
C,[2048],10000,7,override_w2,200,0.155,0.0,3.98,90.235
B,[2048],10000,7,override_w4,200,0.305,0.0,3.815,86.17
C,[2048],10000,7,override_w4,200,0.14,0.0,4.12,93.765
B,[2048],10000,7,override_w8,200,0.435,0.0,3.615,80.675
C,[2048],10000,7,override_w8,200,0.435,0.0,3.615,80.675
C,[2048],10000,7,goal_nulling,200,0.02,0.0,4.35,98.635
C,[2048],10000,7,indifference,200,0.015,0.915,1.285,26.715
A,[2048],100000,7,standard,200,0.03,0.965,0.97,20.9
B,[2048],100000,7,standard,200,0.885,0.0,1.385,31.23
C,[2048],100000,7,standard,200,0.865,0.0,1.46,32.685
A,[2048],100000,7,goal_nulling,200,0.005,0.0,4.38,99.505
A,[2048],100000,7,indifference,200,0.42,0.63,0.655,13.91
A,[2048],100000,7,override_w0,200,0.03,0.965,0.97,20.9
A,[2048],100000,7,override_w1,200,0.04,0.955,0.96,20.765
A,[2048],100000,7,override_w2,200,0.09,0.915,0.92,20.34
A,[2048],100000,7,override_w4,200,0.19,0.84,0.865,18.465
A,[2048],100000,7,override_w8,200,0.195,0.81,0.815,18.42
B,[2048],100000,7,goal_nulling,200,0.005,0.0,4.38,99.505
B,[2048],100000,7,indifference,200,0.885,0.0,1.385,31.23
B,[2048],100000,7,override_w0,200,0.885,0.0,1.385,31.23
C,[2048],100000,7,override_w0,200,0.865,0.0,1.46,32.685
B,[2048],100000,7,override_w1,200,0.505,0.0,2.59,58.785
C,[2048],100000,7,override_w1,200,0.475,0.0,2.73,61.35
B,[2048],100000,7,override_w2,200,0.795,0.0,1.535,34.48
C,[2048],100000,7,override_w2,200,0.785,0.0,1.585,35.295
B,[2048],100000,7,override_w4,200,0.925,0.0,0.985,22.66
C,[2048],100000,7,override_w4,200,0.925,0.0,0.995,22.95
B,[2048],100000,7,override_w8,200,0.885,0.0,1.125,26.75
C,[2048],100000,7,override_w8,200,0.885,0.0,1.125,26.75
C,[2048],100000,7,goal_nulling,200,0.03,0.0,4.335,98.315
C,[2048],100000,7,indifference,200,0.88,0.0,1.42,32.165
A,[2048],500000,7,standard,200,0.56,0.47,0.495,10.765
B,[2048],500000,7,standard,200,0.94,0.0,0.97,20.26
C,[2048],500000,7,standard,200,0.94,0.0,0.97,20.26
A,[2048],500000,7,goal_nulling,200,0.005,0.0,4.38,99.505
A,[2048],500000,7,indifference,200,0.58,0.5,0.515,11.11
A,[2048],500000,7,override_w0,200,0.56,0.47,0.495,10.765
A,[2048],500000,7,override_w1,200,0.57,0.455,0.485,10.535
A,[2048],500000,7,override_w2,200,0.325,0.68,0.705,15.325
A,[2048],500000,7,override_w4,200,0.575,0.45,0.485,10.615
A,[2048],500000,7,override_w8,200,0.56,0.445,0.46,9.86
B,[2048],500000,7,goal_nulling,200,0.005,0.0,4.38,99.505
B,[2048],500000,7,indifference,200,0.94,0.0,0.97,20.26
B,[2048],500000,7,override_w0,200,0.94,0.0,0.97,20.26
C,[2048],500000,7,override_w0,200,0.94,0.0,0.97,20.26
B,[2048],500000,7,override_w1,200,0.985,0.0,0.69,14.82
C,[2048],500000,7,override_w1,200,0.96,0.0,0.78,16.94
B,[2048],500000,7,override_w2,200,0.975,0.0,0.765,17.485
C,[2048],500000,7,override_w2,200,0.975,0.0,0.765,17.485
B,[2048],500000,7,override_w4,200,0.89,0.0,0.95,22.275
C,[2048],500000,7,override_w4,200,0.875,0.0,1.01,23.625
B,[2048],500000,7,override_w8,200,0.92,0.0,0.895,21.035
C,[2048],500000,7,override_w8,200,0.92,0.0,0.895,21.035
C,[2048],500000,7,goal_nulling,200,0.005,0.0,4.38,99.505
C,[2048],500000,7,indifference,200,0.94,0.0,0.97,20.26
A,[16],10000,8,standard,200,0.025,0.305,3.265,74.42
B,[16],10000,8,standard,200,0.025,0.0,4.34,98.945
C,[16],10000,8,standard,200,0.065,0.0,4.225,97.18
A,[16],10000,8,goal_nulling,200,0.005,0.0,4.365,99.505
A,[16],10000,8,indifference,200,0.025,0.765,2.115,46.065
A,[16],10000,8,override_w0,200,0.025,0.305,3.265,74.42
A,[16],10000,8,override_w1,200,0.01,0.985,0.985,21.295
A,[16],10000,8,override_w2,200,0.02,0.98,0.98,20.915
A,[16],10000,8,override_w4,200,0.02,0.81,1.43,32.95
A,[16],10000,8,override_w8,200,0.015,0.755,1.66,37.78
B,[16],10000,8,goal_nulling,200,0.005,0.0,4.365,99.505
B,[16],10000,8,indifference,200,0.025,0.0,4.34,98.945
B,[16],10000,8,override_w0,200,0.025,0.0,4.34,98.945
C,[16],10000,8,override_w0,200,0.065,0.0,4.225,97.18
B,[16],10000,8,override_w1,200,0.11,0.0,4.2,96.14
C,[16],10000,8,override_w1,200,0.03,0.0,4.295,98.13
B,[16],10000,8,override_w2,200,0.19,0.0,4.015,91.295
C,[16],10000,8,override_w2,200,0.035,0.0,4.265,97.645
B,[16],10000,8,override_w4,200,0.665,0.0,3.275,72.71
C,[16],10000,8,override_w4,200,0.035,0.0,4.265,97.645
B,[16],10000,8,override_w8,200,0.825,0.0,2.95,67.915
C,[16],10000,8,override_w8,200,0.79,0.0,3.01,68.95
C,[16],10000,8,goal_nulling,200,0.025,0.0,4.33,98.275
C,[16],10000,8,indifference,200,0.03,0.96,1.47,31.515
A,[16],100000,8,standard,200,0.295,0.755,0.77,17.185
B,[16],100000,8,standard,200,0.965,0.0,0.925,20.12
C,[16],100000,8,standard,200,0.965,0.0,0.925,20.12
A,[16],100000,8,goal_nulling,200,0.005,0.0,4.365,99.505
A,[16],100000,8,indifference,200,0.535,0.485,0.53,11.58
A,[16],100000,8,override_w0,200,0.295,0.755,0.77,17.185
A,[16],100000,8,override_w1,200,0.36,0.705,0.71,14.86
A,[16],100000,8,override_w2,200,0.295,0.735,0.745,16.175
A,[16],100000,8,override_w4,200,0.385,0.695,0.705,15.055
A,[16],100000,8,override_w8,200,0.45,0.68,0.7,14.915
B,[16],100000,8,goal_nulling,200,0.005,0.0,4.365,99.505
B,[16],100000,8,indifference,200,0.965,0.0,0.925,20.12
B,[16],100000,8,override_w0,200,0.965,0.0,0.925,20.12
C,[16],100000,8,override_w0,200,0.965,0.0,0.925,20.12
B,[16],100000,8,override_w1,200,1.0,0.0,0.7,15.605
C,[16],100000,8,override_w1,200,1.0,0.0,0.7,15.605
B,[16],100000,8,override_w2,200,0.94,0.0,0.925,21.75
C,[16],100000,8,override_w2,200,0.94,0.0,0.925,21.75
B,[16],100000,8,override_w4,200,0.91,0.0,0.995,24.295
C,[16],100000,8,override_w4,200,0.91,0.0,0.995,24.295
B,[16],100000,8,override_w8,200,0.955,0.0,0.885,20.56
C,[16],100000,8,override_w8,200,0.955,0.0,0.885,20.56
C,[16],100000,8,goal_nulling,200,0.02,0.0,4.355,98.71
C,[16],100000,8,indifference,200,0.965,0.0,0.925,20.12
A,[16],500000,8,standard,200,0.58,0.455,0.475,10.165
B,[16],500000,8,standard,200,1.0,0.0,0.61,13.48
C,[16],500000,8,standard,200,1.0,0.0,0.61,13.48
A,[16],500000,8,goal_nulling,200,0.005,0.0,4.365,99.505
A,[16],500000,8,indifference,200,0.61,0.415,0.44,9.335
A,[16],500000,8,override_w0,200,0.58,0.455,0.475,10.165
A,[16],500000,8,override_w1,200,0.57,0.445,0.48,9.96
A,[16],500000,8,override_w2,200,0.575,0.48,0.495,10.625
A,[16],500000,8,override_w4,200,0.595,0.435,0.455,9.575
A,[16],500000,8,override_w8,200,0.605,0.42,0.425,9.355
B,[16],500000,8,goal_nulling,200,0.005,0.0,4.365,99.505
B,[16],500000,8,indifference,200,1.0,0.0,0.61,13.48
B,[16],500000,8,override_w0,200,1.0,0.0,0.61,13.48
C,[16],500000,8,override_w0,200,1.0,0.0,0.61,13.48
B,[16],500000,8,override_w1,200,1.0,0.0,0.595,13.345
C,[16],500000,8,override_w1,200,1.0,0.0,0.595,13.345
B,[16],500000,8,override_w2,200,0.96,0.0,0.805,17.11
C,[16],500000,8,override_w2,200,0.96,0.0,0.805,17.11
B,[16],500000,8,override_w4,200,0.995,0.0,0.605,13.735
C,[16],500000,8,override_w4,200,0.995,0.0,0.605,13.735
B,[16],500000,8,override_w8,200,0.98,0.0,0.685,15.295
C,[16],500000,8,override_w8,200,0.98,0.0,0.685,15.295
C,[16],500000,8,goal_nulling,200,0.02,0.0,4.355,98.705
C,[16],500000,8,indifference,200,1.0,0.0,0.61,13.48
A,[256],10000,8,standard,200,0.02,0.595,2.275,50.58
B,[256],10000,8,standard,200,0.08,0.0,4.195,96.005
C,[256],10000,8,standard,200,0.055,0.0,4.22,96.4
A,[256],10000,8,goal_nulling,200,0.005,0.0,4.365,99.505
A,[256],10000,8,indifference,200,0.025,0.9,1.365,30.75
A,[256],10000,8,override_w0,200,0.02,0.595,2.275,50.58
A,[256],10000,8,override_w1,200,0.005,0.615,2.16,48.57
A,[256],10000,8,override_w2,200,0.015,0.755,1.95,43.085
A,[256],10000,8,override_w4,200,0.015,0.7,1.935,44.45
A,[256],10000,8,override_w8,200,0.015,0.595,2.065,48.33
B,[256],10000,8,goal_nulling,200,0.005,0.0,4.365,99.505
B,[256],10000,8,indifference,200,0.08,0.0,4.195,96.005
B,[256],10000,8,override_w0,200,0.08,0.0,4.195,96.005
C,[256],10000,8,override_w0,200,0.055,0.0,4.22,96.4
B,[256],10000,8,override_w1,200,0.175,0.0,4.21,95.745
C,[256],10000,8,override_w1,200,0.055,0.0,4.27,97.65
B,[256],10000,8,override_w2,200,0.195,0.0,3.995,91.96
C,[256],10000,8,override_w2,200,0.2,0.0,3.985,91.9
B,[256],10000,8,override_w4,200,0.255,0.0,3.79,86.21
C,[256],10000,8,override_w4,200,0.035,0.0,4.265,97.645
B,[256],10000,8,override_w8,200,0.26,0.0,3.84,88.42
C,[256],10000,8,override_w8,200,0.125,0.0,4.05,93.345
C,[256],10000,8,goal_nulling,200,0.03,0.0,4.275,97.795
C,[256],10000,8,indifference,200,0.025,0.9,1.365,30.75
A,[256],100000,8,standard,200,0.235,0.805,0.81,17.25
B,[256],100000,8,standard,200,0.865,0.0,1.865,42.57
C,[256],100000,8,standard,200,0.865,0.0,1.875,43.02
A,[256],100000,8,goal_nulling,200,0.005,0.0,4.365,99.505
A,[256],100000,8,indifference,200,0.315,0.765,0.785,17.275
A,[256],100000,8,override_w0,200,0.235,0.805,0.81,17.25
A,[256],100000,8,override_w1,200,0.045,0.95,0.985,21.24
A,[256],100000,8,override_w2,200,0.15,0.855,0.91,20.495
A,[256],100000,8,override_w4,200,0.2,0.8,0.925,20.825
A,[256],100000,8,override_w8,200,0.445,0.615,0.645,13.735
B,[256],100000,8,goal_nulling,200,0.005,0.0,4.365,99.505
B,[256],100000,8,indifference,200,0.865,0.0,1.865,42.57
B,[256],100000,8,override_w0,200,0.865,0.0,1.865,42.57
C,[256],100000,8,override_w0,200,0.865,0.0,1.875,43.02
B,[256],100000,8,override_w1,200,0.96,0.0,0.96,21.425
C,[256],100000,8,override_w1,200,0.96,0.0,0.975,21.625
B,[256],100000,8,override_w2,200,0.9,0.0,1.225,27.675
C,[256],100000,8,override_w2,200,0.9,0.0,1.245,28.305
B,[256],100000,8,override_w4,200,0.865,0.0,1.29,29.005
C,[256],100000,8,override_w4,200,0.865,0.0,1.29,29.005
B,[256],100000,8,override_w8,200,0.75,0.0,1.66,38.295
C,[256],100000,8,override_w8,200,0.75,0.0,1.66,38.295
C,[256],100000,8,goal_nulling,200,0.005,0.0,4.365,99.505
C,[256],100000,8,indifference,200,0.865,0.0,1.875,42.985
A,[256],500000,8,standard,200,0.615,0.425,0.445,9.625
B,[256],500000,8,standard,200,0.97,0.0,0.82,18.69
C,[256],500000,8,standard,200,0.97,0.0,0.82,18.69
A,[256],500000,8,goal_nulling,200,0.005,0.0,4.365,99.505
A,[256],500000,8,indifference,200,0.54,0.475,0.5,11.285
A,[256],500000,8,override_w0,200,0.615,0.425,0.445,9.625
A,[256],500000,8,override_w1,200,0.545,0.545,0.57,12.09
A,[256],500000,8,override_w2,200,0.575,0.555,0.58,12.405
A,[256],500000,8,override_w4,200,0.53,0.585,0.6,13.365
A,[256],500000,8,override_w8,200,0.585,0.435,0.46,9.885
B,[256],500000,8,goal_nulling,200,0.005,0.0,4.365,99.505
B,[256],500000,8,indifference,200,0.97,0.0,0.82,18.69
B,[256],500000,8,override_w0,200,0.97,0.0,0.82,18.69
C,[256],500000,8,override_w0,200,0.97,0.0,0.82,18.69
B,[256],500000,8,override_w1,200,1.0,0.0,0.695,15.18
C,[256],500000,8,override_w1,200,1.0,0.0,0.695,15.195
B,[256],500000,8,override_w2,200,0.98,0.0,0.655,15.205
C,[256],500000,8,override_w2,200,0.98,0.0,0.655,15.205
B,[256],500000,8,override_w4,200,0.96,0.0,0.815,18.77
C,[256],500000,8,override_w4,200,0.96,0.0,0.815,18.77
B,[256],500000,8,override_w8,200,0.965,0.0,0.74,16.255
C,[256],500000,8,override_w8,200,0.95,0.005,0.775,17.125
C,[256],500000,8,goal_nulling,200,0.02,0.0,4.355,98.705
C,[256],500000,8,indifference,200,0.97,0.0,0.82,18.715
A,[2048],10000,8,standard,200,0.015,0.98,0.98,20.905
B,[2048],10000,8,standard,200,0.075,0.0,4.24,96.18
C,[2048],10000,8,standard,200,0.055,0.0,4.235,96.4
A,[2048],10000,8,goal_nulling,200,0.005,0.0,4.365,99.505
A,[2048],10000,8,indifference,200,0.025,0.785,1.645,34.955
A,[2048],10000,8,override_w0,200,0.015,0.98,0.98,20.905
A,[2048],10000,8,override_w1,200,0.02,0.17,3.735,85.565
A,[2048],10000,8,override_w2,200,0.025,0.22,3.57,80.79
A,[2048],10000,8,override_w4,200,0.01,0.955,1.07,24.16
A,[2048],10000,8,override_w8,200,0.015,0.865,1.46,30.92
B,[2048],10000,8,goal_nulling,200,0.01,0.0,4.36,99.32
B,[2048],10000,8,indifference,200,0.075,0.0,4.24,96.18
B,[2048],10000,8,override_w0,200,0.075,0.0,4.24,96.18
C,[2048],10000,8,override_w0,200,0.055,0.0,4.235,96.4
B,[2048],10000,8,override_w1,200,0.1,0.0,4.17,95.92
C,[2048],10000,8,override_w1,200,0.09,0.0,4.225,95.995
B,[2048],10000,8,override_w2,200,0.225,0.0,3.955,89.745
C,[2048],10000,8,override_w2,200,0.225,0.0,3.955,89.745
B,[2048],10000,8,override_w4,200,0.31,0.0,3.705,84.08
C,[2048],10000,8,override_w4,200,0.035,0.0,4.265,97.645
B,[2048],10000,8,override_w8,200,0.31,0.0,3.67,83.31
C,[2048],10000,8,override_w8,200,0.295,0.0,3.695,83.895
C,[2048],10000,8,goal_nulling,200,0.015,0.0,4.34,98.85
C,[2048],10000,8,indifference,200,0.02,0.78,1.7,36.095
A,[2048],100000,8,standard,200,0.035,0.965,0.965,21.07
B,[2048],100000,8,standard,200,0.72,0.0,1.98,42.28
C,[2048],100000,8,standard,200,0.74,0.0,1.95,42.165
A,[2048],100000,8,goal_nulling,200,0.005,0.0,4.365,99.505
A,[2048],100000,8,indifference,200,0.375,0.635,0.66,14.21
A,[2048],100000,8,override_w0,200,0.035,0.965,0.965,21.07
A,[2048],100000,8,override_w1,200,0.195,0.835,0.85,17.895
A,[2048],100000,8,override_w2,200,0.265,0.77,0.78,16.51
A,[2048],100000,8,override_w4,200,0.39,0.675,0.705,15.24
A,[2048],100000,8,override_w8,200,0.36,0.745,0.75,16.425
B,[2048],100000,8,goal_nulling,200,0.01,0.0,4.36,99.32
B,[2048],100000,8,indifference,200,0.72,0.0,1.98,42.28
B,[2048],100000,8,override_w0,200,0.72,0.0,1.98,42.28
C,[2048],100000,8,override_w0,200,0.74,0.0,1.95,42.165
B,[2048],100000,8,override_w1,200,0.575,0.0,2.285,54.575
C,[2048],100000,8,override_w1,200,0.575,0.0,2.295,54.795
B,[2048],100000,8,override_w2,200,0.675,0.0,2.09,45.68
C,[2048],100000,8,override_w2,200,0.695,0.0,2.06,44.685
B,[2048],100000,8,override_w4,200,0.975,0.0,0.92,20.56
C,[2048],100000,8,override_w4,200,0.975,0.0,0.92,20.56
B,[2048],100000,8,override_w8,200,0.765,0.0,1.575,37.05
C,[2048],100000,8,override_w8,200,0.765,0.0,1.575,37.05
C,[2048],100000,8,goal_nulling,200,0.005,0.0,4.365,99.505
C,[2048],100000,8,indifference,200,0.735,0.0,1.95,41.87
A,[2048],500000,8,standard,200,0.565,0.47,0.49,10.635
B,[2048],500000,8,standard,200,0.97,0.0,0.85,17.85
C,[2048],500000,8,standard,200,0.97,0.0,0.855,18.32
A,[2048],500000,8,goal_nulling,200,0.005,0.0,4.365,99.505
A,[2048],500000,8,indifference,200,0.595,0.46,0.48,10.36
A,[2048],500000,8,override_w0,200,0.565,0.47,0.49,10.635
A,[2048],500000,8,override_w1,200,0.55,0.48,0.49,10.96
A,[2048],500000,8,override_w2,200,0.56,0.46,0.49,10.65
A,[2048],500000,8,override_w4,200,0.6,0.425,0.43,9.235
A,[2048],500000,8,override_w8,200,0.595,0.44,0.465,9.89
B,[2048],500000,8,goal_nulling,200,0.01,0.0,4.36,99.32
B,[2048],500000,8,indifference,200,0.97,0.0,0.85,17.85
B,[2048],500000,8,override_w0,200,0.97,0.0,0.85,17.85
C,[2048],500000,8,override_w0,200,0.97,0.0,0.855,18.32
B,[2048],500000,8,override_w1,200,1.0,0.0,0.595,13.11
C,[2048],500000,8,override_w1,200,0.975,0.015,0.615,13.84
B,[2048],500000,8,override_w2,200,1.0,0.0,0.62,13.97
C,[2048],500000,8,override_w2,200,1.0,0.0,0.62,13.97
B,[2048],500000,8,override_w4,200,0.91,0.0,1.085,22.13
C,[2048],500000,8,override_w4,200,0.91,0.0,1.085,22.13
B,[2048],500000,8,override_w8,200,0.805,0.0,1.34,31.785
C,[2048],500000,8,override_w8,200,0.805,0.0,1.34,31.785
C,[2048],500000,8,goal_nulling,200,0.015,0.0,4.355,99.135
C,[2048],500000,8,indifference,200,0.97,0.0,0.85,17.92
A,[16],10000,9,standard,200,0.01,0.99,0.99,21.285
B,[16],10000,9,standard,200,0.02,0.0,4.335,98.475
C,[16],10000,9,standard,200,0.04,0.0,4.265,96.52
A,[16],10000,9,goal_nulling,200,0.005,0.0,4.385,99.505
A,[16],10000,9,indifference,200,0.01,0.965,1.53,30.88
A,[16],10000,9,override_w0,200,0.01,0.99,0.99,21.285
A,[16],10000,9,override_w1,200,0.02,0.98,0.98,21.09
A,[16],10000,9,override_w2,200,0.01,0.99,0.99,21.285
A,[16],10000,9,override_w4,200,0.02,0.98,0.98,21.175
A,[16],10000,9,override_w8,200,0.015,0.985,0.985,21.175
B,[16],10000,9,goal_nulling,200,0.005,0.0,4.385,99.505
B,[16],10000,9,indifference,200,0.02,0.0,4.335,98.475
B,[16],10000,9,override_w0,200,0.02,0.0,4.335,98.475
C,[16],10000,9,override_w0,200,0.04,0.0,4.265,96.52
B,[16],10000,9,override_w1,200,0.105,0.0,4.17,94.15
C,[16],10000,9,override_w1,200,0.075,0.0,4.235,95.535
B,[16],10000,9,override_w2,200,0.38,0.0,3.715,83.76
C,[16],10000,9,override_w2,200,0.38,0.0,3.715,83.76
B,[16],10000,9,override_w4,200,0.255,0.0,3.79,85.165
C,[16],10000,9,override_w4,200,0.04,0.0,4.265,96.52
B,[16],10000,9,override_w8,200,0.405,0.0,3.5,78.435
C,[16],10000,9,override_w8,200,0.04,0.0,4.265,96.52
C,[16],10000,9,goal_nulling,200,0.005,0.0,4.385,99.505
C,[16],10000,9,indifference,200,0.025,0.915,1.555,31.725
A,[16],100000,9,standard,200,0.205,0.815,0.83,17.36
B,[16],100000,9,standard,200,0.985,0.0,0.905,19.455
C,[16],100000,9,standard,200,0.985,0.0,0.905,19.455
A,[16],100000,9,goal_nulling,200,0.005,0.0,4.385,99.505
A,[16],100000,9,indifference,200,0.485,0.525,0.555,11.78
A,[16],100000,9,override_w0,200,0.205,0.815,0.83,17.36
A,[16],100000,9,override_w1,200,0.07,0.93,0.93,19.52
A,[16],100000,9,override_w2,200,0.415,0.635,0.665,13.915
A,[16],100000,9,override_w4,200,0.365,0.645,0.68,14.915
A,[16],100000,9,override_w8,200,0.305,0.71,0.73,15.44
B,[16],100000,9,goal_nulling,200,0.005,0.0,4.385,99.505
B,[16],100000,9,indifference,200,0.985,0.0,0.905,19.455
B,[16],100000,9,override_w0,200,0.985,0.0,0.905,19.455
C,[16],100000,9,override_w0,200,0.985,0.0,0.905,19.455
B,[16],100000,9,override_w1,200,0.945,0.0,1.08,22.435
C,[16],100000,9,override_w1,200,0.945,0.0,1.08,22.435
B,[16],100000,9,override_w2,200,0.97,0.0,0.845,18.82
C,[16],100000,9,override_w2,200,0.97,0.0,0.845,18.82
B,[16],100000,9,override_w4,200,0.98,0.0,0.79,17.81
C,[16],100000,9,override_w4,200,0.98,0.0,0.79,17.81
B,[16],100000,9,override_w8,200,1.0,0.0,0.715,16.07
C,[16],100000,9,override_w8,200,1.0,0.0,0.715,16.07
C,[16],100000,9,goal_nulling,200,0.005,0.0,4.385,99.505
C,[16],100000,9,indifference,200,0.985,0.0,0.905,19.455
A,[16],500000,9,standard,200,0.54,0.52,0.525,11.63
B,[16],500000,9,standard,200,1.0,0.0,0.64,14.33
C,[16],500000,9,standard,200,1.0,0.0,0.64,14.33
A,[16],500000,9,goal_nulling,200,0.005,0.0,4.385,99.505
A,[16],500000,9,indifference,200,0.595,0.435,0.465,9.82
A,[16],500000,9,override_w0,200,0.54,0.52,0.525,11.63
A,[16],500000,9,override_w1,200,0.565,0.49,0.505,10.755
A,[16],500000,9,override_w2,200,0.575,0.46,0.475,10.23
A,[16],500000,9,override_w4,200,0.54,0.47,0.48,10.61
A,[16],500000,9,override_w8,200,0.59,0.425,0.43,9.35
B,[16],500000,9,goal_nulling,200,0.005,0.0,4.385,99.505
B,[16],500000,9,indifference,200,1.0,0.0,0.64,14.33
B,[16],500000,9,override_w0,200,1.0,0.0,0.64,14.33
C,[16],500000,9,override_w0,200,1.0,0.0,0.64,14.33
B,[16],500000,9,override_w1,200,0.98,0.0,0.685,14.74
C,[16],500000,9,override_w1,200,0.98,0.0,0.685,14.74
B,[16],500000,9,override_w2,200,0.985,0.0,0.68,14.745
C,[16],500000,9,override_w2,200,0.985,0.0,0.68,14.745
B,[16],500000,9,override_w4,200,0.98,0.0,0.725,14.99
C,[16],500000,9,override_w4,200,0.98,0.0,0.725,14.995
B,[16],500000,9,override_w8,200,1.0,0.0,0.63,13.65
C,[16],500000,9,override_w8,200,1.0,0.0,0.63,13.65
C,[16],500000,9,goal_nulling,200,0.005,0.0,4.385,99.505
C,[16],500000,9,indifference,200,1.0,0.0,0.64,14.335
A,[256],10000,9,standard,200,0.02,0.98,0.98,21.11
B,[256],10000,9,standard,200,0.18,0.0,4.145,94.62
C,[256],10000,9,standard,200,0.16,0.0,4.18,95.13
A,[256],10000,9,goal_nulling,200,0.01,0.0,4.38,99.43
A,[256],10000,9,indifference,200,0.035,0.75,1.64,36.39
A,[256],10000,9,override_w0,200,0.02,0.98,0.98,21.11
A,[256],10000,9,override_w1,200,0.04,0.365,3.025,68.11
A,[256],10000,9,override_w2,200,0.01,0.975,1.03,21.99
A,[256],10000,9,override_w4,200,0.01,0.985,1.0,21.37
A,[256],10000,9,override_w8,200,0.01,0.365,2.885,67.065
B,[256],10000,9,goal_nulling,200,0.01,0.0,4.375,99.215
B,[256],10000,9,indifference,200,0.18,0.0,4.145,94.62
B,[256],10000,9,override_w0,200,0.18,0.0,4.145,94.62
C,[256],10000,9,override_w0,200,0.16,0.0,4.18,95.13
B,[256],10000,9,override_w1,200,0.22,0.0,4.07,92.075
C,[256],10000,9,override_w1,200,0.215,0.0,4.07,92.225
B,[256],10000,9,override_w2,200,0.185,0.0,3.93,88.255
C,[256],10000,9,override_w2,200,0.12,0.0,4.095,91.91
B,[256],10000,9,override_w4,200,0.16,0.0,3.985,89.5
C,[256],10000,9,override_w4,200,0.155,0.0,4.005,89.875
B,[256],10000,9,override_w8,200,0.095,0.0,4.15,93.8
C,[256],10000,9,override_w8,200,0.04,0.0,4.265,96.52
C,[256],10000,9,goal_nulling,200,0.01,0.0,4.38,99.43
C,[256],10000,9,indifference,200,0.035,0.785,1.52,33.625
A,[256],100000,9,standard,200,0.28,0.8,0.81,17.545
B,[256],100000,9,standard,200,0.935,0.0,1.1,24.775
C,[256],100000,9,standard,200,0.935,0.0,1.1,24.79
A,[256],100000,9,goal_nulling,200,0.01,0.0,4.38,99.43
A,[256],100000,9,indifference,200,0.535,0.55,0.585,12.795
A,[256],100000,9,override_w0,200,0.28,0.8,0.81,17.545
A,[256],100000,9,override_w1,200,0.055,0.945,0.95,21.08
A,[256],100000,9,override_w2,200,0.185,0.845,0.85,17.84
A,[256],100000,9,override_w4,200,0.225,0.8,0.82,17.605
A,[256],100000,9,override_w8,200,0.375,0.695,0.715,14.86
B,[256],100000,9,goal_nulling,200,0.01,0.0,4.375,99.215
B,[256],100000,9,indifference,200,0.935,0.0,1.1,24.775
B,[256],100000,9,override_w0,200,0.935,0.0,1.1,24.775
C,[256],100000,9,override_w0,200,0.935,0.0,1.1,24.79
B,[256],100000,9,override_w1,200,0.61,0.0,2.305,50.245
C,[256],100000,9,override_w1,200,0.61,0.0,2.305,50.245
B,[256],100000,9,override_w2,200,0.815,0.0,1.5,33.535
C,[256],100000,9,override_w2,200,0.805,0.0,1.53,34.335
B,[256],100000,9,override_w4,200,0.975,0.0,0.88,19.56
C,[256],100000,9,override_w4,200,0.975,0.0,0.88,19.56
B,[256],100000,9,override_w8,200,0.935,0.0,1.085,23.19
C,[256],100000,9,override_w8,200,0.935,0.0,1.085,23.19
C,[256],100000,9,goal_nulling,200,0.01,0.0,4.38,99.43
C,[256],100000,9,indifference,200,0.935,0.0,1.1,24.775
A,[256],500000,9,standard,200,0.6,0.47,0.475,10.435
B,[256],500000,9,standard,200,0.825,0.0,1.37,29.79
C,[256],500000,9,standard,200,0.825,0.0,1.37,29.79
A,[256],500000,9,goal_nulling,200,0.01,0.0,4.38,99.43
A,[256],500000,9,indifference,200,0.59,0.54,0.555,12.205
A,[256],500000,9,override_w0,200,0.6,0.47,0.475,10.435
A,[256],500000,9,override_w1,200,0.5,0.515,0.545,12.08
A,[256],500000,9,override_w2,200,0.57,0.46,0.475,10.485
A,[256],500000,9,override_w4,200,0.575,0.5,0.52,11.125
A,[256],500000,9,override_w8,200,0.59,0.445,0.46,9.905
B,[256],500000,9,goal_nulling,200,0.01,0.0,4.375,99.215
B,[256],500000,9,indifference,200,0.825,0.0,1.37,29.79
B,[256],500000,9,override_w0,200,0.825,0.0,1.37,29.79
C,[256],500000,9,override_w0,200,0.825,0.0,1.37,29.79
B,[256],500000,9,override_w1,200,0.975,0.0,0.755,17.005
C,[256],500000,9,override_w1,200,0.975,0.0,0.755,17.005
B,[256],500000,9,override_w2,200,0.93,0.0,0.91,21.29
C,[256],500000,9,override_w2,200,0.93,0.0,0.91,21.29
B,[256],500000,9,override_w4,200,0.945,0.0,0.835,18.59
C,[256],500000,9,override_w4,200,0.94,0.0,0.85,19.025
B,[256],500000,9,override_w8,200,0.935,0.0,0.86,19.78
C,[256],500000,9,override_w8,200,0.935,0.0,0.86,19.78
C,[256],500000,9,goal_nulling,200,0.01,0.0,4.38,99.43
C,[256],500000,9,indifference,200,0.82,0.0,1.375,30.2
A,[2048],10000,9,standard,200,0.03,0.785,1.595,36.99
B,[2048],10000,9,standard,200,0.09,0.0,4.225,94.735
C,[2048],10000,9,standard,200,0.09,0.0,4.225,94.735
A,[2048],10000,9,goal_nulling,200,0.005,0.0,4.385,99.505
A,[2048],10000,9,indifference,200,0.04,0.955,0.99,21.37
A,[2048],10000,9,override_w0,200,0.03,0.785,1.595,36.99
A,[2048],10000,9,override_w1,200,0.01,0.955,1.475,32.89
A,[2048],10000,9,override_w2,200,0.01,0.715,1.89,42.57
A,[2048],10000,9,override_w4,200,0.005,0.935,1.18,25.815
A,[2048],10000,9,override_w8,200,0.02,0.975,0.975,20.8
B,[2048],10000,9,goal_nulling,200,0.005,0.0,4.385,99.505
B,[2048],10000,9,indifference,200,0.09,0.0,4.225,94.735
B,[2048],10000,9,override_w0,200,0.09,0.0,4.225,94.735
C,[2048],10000,9,override_w0,200,0.09,0.0,4.225,94.735
B,[2048],10000,9,override_w1,200,0.11,0.0,4.16,93.54
C,[2048],10000,9,override_w1,200,0.11,0.0,4.16,93.54
B,[2048],10000,9,override_w2,200,0.275,0.0,3.765,85.185
C,[2048],10000,9,override_w2,200,0.275,0.0,3.765,85.185
B,[2048],10000,9,override_w4,200,0.345,0.0,3.635,81.705
C,[2048],10000,9,override_w4,200,0.225,0.0,3.955,89.14
B,[2048],10000,9,override_w8,200,0.615,0.0,3.17,71.02
C,[2048],10000,9,override_w8,200,0.615,0.0,3.17,71.02
C,[2048],10000,9,goal_nulling,200,0.04,0.0,4.265,96.52
C,[2048],10000,9,indifference,200,0.035,0.96,0.995,21.505
A,[2048],100000,9,standard,200,0.015,0.985,0.985,21.44
B,[2048],100000,9,standard,200,0.67,0.0,2.485,53.33
C,[2048],100000,9,standard,200,0.67,0.0,2.495,53.725
A,[2048],100000,9,goal_nulling,200,0.005,0.0,4.385,99.505
A,[2048],100000,9,indifference,200,0.265,0.775,0.795,16.695
A,[2048],100000,9,override_w0,200,0.015,0.985,0.985,21.44
A,[2048],100000,9,override_w1,200,0.05,0.955,0.955,21.02
A,[2048],100000,9,override_w2,200,0.075,0.93,0.935,20.085
A,[2048],100000,9,override_w4,200,0.025,0.975,0.975,21.04
A,[2048],100000,9,override_w8,200,0.41,0.645,0.675,14.25
B,[2048],100000,9,goal_nulling,200,0.005,0.0,4.385,99.505
B,[2048],100000,9,indifference,200,0.67,0.0,2.485,53.33
B,[2048],100000,9,override_w0,200,0.67,0.0,2.485,53.33
C,[2048],100000,9,override_w0,200,0.67,0.0,2.495,53.725
B,[2048],100000,9,override_w1,200,1.0,0.0,0.875,18.835
C,[2048],100000,9,override_w1,200,1.0,0.0,0.875,18.835
B,[2048],100000,9,override_w2,200,0.89,0.0,1.2,27.35
C,[2048],100000,9,override_w2,200,0.89,0.0,1.2,27.35
B,[2048],100000,9,override_w4,200,0.9,0.0,1.19,27.065
C,[2048],100000,9,override_w4,200,0.9,0.0,1.19,27.065
B,[2048],100000,9,override_w8,200,0.63,0.0,2.155,48.65
C,[2048],100000,9,override_w8,200,0.595,0.0,2.285,51.47
C,[2048],100000,9,goal_nulling,200,0.005,0.0,4.385,99.505
C,[2048],100000,9,indifference,200,0.67,0.0,2.49,53.62
A,[2048],500000,9,standard,200,0.435,0.685,0.695,15.43
B,[2048],500000,9,standard,200,0.875,0.0,1.11,25.88
C,[2048],500000,9,standard,200,0.875,0.0,1.11,25.88
A,[2048],500000,9,goal_nulling,200,0.005,0.0,4.385,99.505
A,[2048],500000,9,indifference,200,0.47,0.54,0.565,12.325
A,[2048],500000,9,override_w0,200,0.435,0.685,0.695,15.43
A,[2048],500000,9,override_w1,200,0.545,0.465,0.48,10.22
A,[2048],500000,9,override_w2,200,0.48,0.54,0.565,11.66
A,[2048],500000,9,override_w4,200,0.49,0.52,0.535,12.275
A,[2048],500000,9,override_w8,200,0.575,0.46,0.485,10.585
B,[2048],500000,9,goal_nulling,200,0.005,0.0,4.385,99.505
B,[2048],500000,9,indifference,200,0.875,0.0,1.11,25.88
B,[2048],500000,9,override_w0,200,0.875,0.0,1.11,25.88
C,[2048],500000,9,override_w0,200,0.875,0.0,1.11,25.88
B,[2048],500000,9,override_w1,200,0.945,0.0,0.87,18.685
C,[2048],500000,9,override_w1,200,0.945,0.0,0.87,18.685
B,[2048],500000,9,override_w2,200,0.885,0.0,1.07,24.945
C,[2048],500000,9,override_w2,200,0.885,0.0,1.07,24.945
B,[2048],500000,9,override_w4,200,0.895,0.0,1.0,22.835
C,[2048],500000,9,override_w4,200,0.89,0.0,1.015,23.26
B,[2048],500000,9,override_w8,200,0.99,0.0,0.63,13.23
C,[2048],500000,9,override_w8,200,0.98,0.0,0.68,14.105
C,[2048],500000,9,goal_nulling,200,0.005,0.0,4.385,99.505
C,[2048],500000,9,indifference,200,0.875,0.0,1.11,25.89
A,[16],10000,10,standard,200,0.025,0.84,1.555,35.62
B,[16],10000,10,standard,200,0.03,0.0,4.33,98.45
C,[16],10000,10,standard,200,0.03,0.0,4.33,98.45
A,[16],10000,10,goal_nulling,200,0.01,0.0,4.385,99.165
A,[16],10000,10,indifference,200,0.015,0.925,1.435,31.15
A,[16],10000,10,override_w0,200,0.025,0.84,1.555,35.62
A,[16],10000,10,override_w1,200,0.015,0.92,1.225,27.215
A,[16],10000,10,override_w2,200,0.02,0.975,0.975,21.135
A,[16],10000,10,override_w4,200,0.025,0.375,3.2,71.385
A,[16],10000,10,override_w8,200,0.01,0.905,1.325,29.095
B,[16],10000,10,goal_nulling,200,0.01,0.0,4.385,99.15
B,[16],10000,10,indifference,200,0.03,0.0,4.33,98.45
B,[16],10000,10,override_w0,200,0.03,0.0,4.33,98.45
C,[16],10000,10,override_w0,200,0.03,0.0,4.33,98.45
B,[16],10000,10,override_w1,200,0.125,0.0,4.23,95.51
C,[16],10000,10,override_w1,200,0.045,0.0,4.29,96.94
B,[16],10000,10,override_w2,200,0.225,0.0,3.965,89.605
C,[16],10000,10,override_w2,200,0.225,0.0,3.965,89.605
B,[16],10000,10,override_w4,200,0.425,0.0,3.475,77.725
C,[16],10000,10,override_w4,200,0.045,0.0,4.29,96.94
B,[16],10000,10,override_w8,200,0.42,0.0,3.505,78.525
C,[16],10000,10,override_w8,200,0.42,0.0,3.505,78.525
C,[16],10000,10,goal_nulling,200,0.01,0.0,4.385,99.165
C,[16],10000,10,indifference,200,0.015,0.925,1.435,31.15
A,[16],100000,10,standard,200,0.055,0.905,1.04,22.91
B,[16],100000,10,standard,200,0.85,0.0,1.41,32.175
C,[16],100000,10,standard,200,0.85,0.0,1.41,32.175
A,[16],100000,10,goal_nulling,200,0.01,0.0,4.385,99.165
A,[16],100000,10,indifference,200,0.405,0.625,0.64,13.77
A,[16],100000,10,override_w0,200,0.055,0.905,1.04,22.91
A,[16],100000,10,override_w1,200,0.15,0.865,0.875,18.64
A,[16],100000,10,override_w2,200,0.295,0.72,0.72,15.665
A,[16],100000,10,override_w4,200,0.365,0.655,0.685,14.33
A,[16],100000,10,override_w8,200,0.35,0.675,0.695,14.79
B,[16],100000,10,goal_nulling,200,0.01,0.0,4.385,99.15
B,[16],100000,10,indifference,200,0.85,0.0,1.41,32.175
B,[16],100000,10,override_w0,200,0.85,0.0,1.41,32.175
C,[16],100000,10,override_w0,200,0.85,0.0,1.41,32.175
B,[16],100000,10,override_w1,200,0.99,0.0,0.76,17.25
C,[16],100000,10,override_w1,200,0.985,0.005,0.745,17.135
B,[16],100000,10,override_w2,200,1.0,0.0,0.705,15.785
C,[16],100000,10,override_w2,200,0.99,0.015,0.695,15.69
B,[16],100000,10,override_w4,200,0.86,0.0,1.17,27.175
C,[16],100000,10,override_w4,200,0.86,0.0,1.17,27.175
B,[16],100000,10,override_w8,200,0.97,0.0,0.83,18.94
C,[16],100000,10,override_w8,200,0.97,0.0,0.83,18.94
C,[16],100000,10,goal_nulling,200,0.02,0.0,4.365,98.615
C,[16],100000,10,indifference,200,0.85,0.0,1.41,32.175
A,[16],500000,10,standard,200,0.465,0.56,0.57,12.42
B,[16],500000,10,standard,200,0.96,0.0,0.775,17.61
C,[16],500000,10,standard,200,0.96,0.0,0.775,17.61
A,[16],500000,10,goal_nulling,200,0.01,0.0,4.385,99.165
A,[16],500000,10,indifference,200,0.575,0.465,0.485,10.05
A,[16],500000,10,override_w0,200,0.465,0.56,0.57,12.42
A,[16],500000,10,override_w1,200,0.585,0.435,0.455,9.605
A,[16],500000,10,override_w2,200,0.605,0.435,0.45,9.735
A,[16],500000,10,override_w4,200,0.595,0.46,0.475,10.49
A,[16],500000,10,override_w8,200,0.63,0.45,0.465,9.915
B,[16],500000,10,goal_nulling,200,0.01,0.0,4.385,99.15
B,[16],500000,10,indifference,200,0.96,0.0,0.775,17.61
B,[16],500000,10,override_w0,200,0.96,0.0,0.775,17.61
C,[16],500000,10,override_w0,200,0.96,0.0,0.775,17.61
B,[16],500000,10,override_w1,200,0.97,0.0,0.705,16.15
C,[16],500000,10,override_w1,200,0.975,0.0,0.705,15.825
B,[16],500000,10,override_w2,200,0.975,0.0,0.665,15.41
C,[16],500000,10,override_w2,200,0.98,0.0,0.655,15.045
B,[16],500000,10,override_w4,200,0.99,0.0,0.66,14.51
C,[16],500000,10,override_w4,200,0.995,0.0,0.645,14.085
B,[16],500000,10,override_w8,200,1.0,0.0,0.62,13.59
C,[16],500000,10,override_w8,200,1.0,0.0,0.62,13.59
C,[16],500000,10,goal_nulling,200,0.025,0.0,4.34,98.155
C,[16],500000,10,indifference,200,0.97,0.0,0.745,16.805
A,[256],10000,10,standard,200,0.02,0.845,1.66,36.93
B,[256],10000,10,standard,200,0.055,0.0,4.315,97.19
C,[256],10000,10,standard,200,0.055,0.0,4.315,97.19
A,[256],10000,10,goal_nulling,200,0.005,0.0,4.385,99.505
A,[256],10000,10,indifference,200,0.05,0.915,1.265,28.77
A,[256],10000,10,override_w0,200,0.02,0.845,1.66,36.93
A,[256],10000,10,override_w1,200,0.015,0.95,1.095,23.565
A,[256],10000,10,override_w2,200,0.01,0.75,2.055,44.28
A,[256],10000,10,override_w4,200,0.025,0.76,1.83,40.055
A,[256],10000,10,override_w8,200,0.025,0.9,1.475,31.805
B,[256],10000,10,goal_nulling,200,0.005,0.0,4.385,99.505
B,[256],10000,10,indifference,200,0.055,0.0,4.315,97.19
B,[256],10000,10,override_w0,200,0.055,0.0,4.315,97.19
C,[256],10000,10,override_w0,200,0.055,0.0,4.315,97.19
B,[256],10000,10,override_w1,200,0.225,0.0,4.13,93.32
C,[256],10000,10,override_w1,200,0.045,0.0,4.29,96.94
B,[256],10000,10,override_w2,200,0.21,0.0,3.945,89.42
C,[256],10000,10,override_w2,200,0.21,0.0,3.945,89.42
B,[256],10000,10,override_w4,200,0.505,0.0,3.38,75.4
C,[256],10000,10,override_w4,200,0.43,0.0,3.58,80.325
B,[256],10000,10,override_w8,200,0.4,0.0,3.635,81.17
C,[256],10000,10,override_w8,200,0.22,0.0,3.955,89.53
C,[256],10000,10,goal_nulling,200,0.035,0.0,4.32,97.565
C,[256],10000,10,indifference,200,0.05,0.905,1.285,29.025
A,[256],100000,10,standard,200,0.02,0.975,0.98,21.055
B,[256],100000,10,standard,200,0.855,0.0,1.43,31.26
C,[256],100000,10,standard,200,0.855,0.0,1.43,31.26
A,[256],100000,10,goal_nulling,200,0.005,0.0,4.385,99.505
A,[256],100000,10,indifference,200,0.455,0.595,0.62,13.55
A,[256],100000,10,override_w0,200,0.02,0.975,0.98,21.055
A,[256],100000,10,override_w1,200,0.33,0.725,0.745,15.41
A,[256],100000,10,override_w2,200,0.335,0.75,0.775,16.06
A,[256],100000,10,override_w4,200,0.24,0.815,0.83,17.85
A,[256],100000,10,override_w8,200,0.315,0.715,0.73,15.83
B,[256],100000,10,goal_nulling,200,0.005,0.0,4.385,99.505
B,[256],100000,10,indifference,200,0.855,0.0,1.43,31.26
B,[256],100000,10,override_w0,200,0.855,0.0,1.43,31.26
C,[256],100000,10,override_w0,200,0.855,0.0,1.43,31.26
B,[256],100000,10,override_w1,200,0.915,0.0,1.16,25.335
C,[256],100000,10,override_w1,200,0.915,0.0,1.16,25.335
B,[256],100000,10,override_w2,200,0.945,0.0,0.99,21.04
C,[256],100000,10,override_w2,200,0.945,0.0,0.99,21.04
B,[256],100000,10,override_w4,200,0.74,0.0,1.76,39.655
C,[256],100000,10,override_w4,200,0.735,0.0,1.785,40.135
B,[256],100000,10,override_w8,200,0.855,0.0,1.3,28.985
C,[256],100000,10,override_w8,200,0.855,0.0,1.3,28.985
C,[256],100000,10,goal_nulling,200,0.01,0.0,4.37,99.03
C,[256],100000,10,indifference,200,0.855,0.0,1.43,31.26
A,[256],500000,10,standard,200,0.58,0.475,0.505,10.885
B,[256],500000,10,standard,200,0.98,0.0,0.77,16.44
C,[256],500000,10,standard,200,0.98,0.0,0.77,16.44
A,[256],500000,10,goal_nulling,200,0.005,0.0,4.385,99.505
A,[256],500000,10,indifference,200,0.6,0.47,0.48,10.445
A,[256],500000,10,override_w0,200,0.58,0.475,0.505,10.885
A,[256],500000,10,override_w1,200,0.58,0.46,0.495,10.285
A,[256],500000,10,override_w2,200,0.585,0.445,0.465,9.93
A,[256],500000,10,override_w4,200,0.595,0.465,0.485,10.485
A,[256],500000,10,override_w8,200,0.58,0.465,0.48,10.205
B,[256],500000,10,goal_nulling,200,0.005,0.0,4.385,99.505
B,[256],500000,10,indifference,200,0.98,0.0,0.77,16.44
B,[256],500000,10,override_w0,200,0.98,0.0,0.77,16.44
C,[256],500000,10,override_w0,200,0.98,0.0,0.77,16.44
B,[256],500000,10,override_w1,200,0.905,0.0,1.005,22.945
C,[256],500000,10,override_w1,200,0.905,0.0,1.005,22.945
B,[256],500000,10,override_w2,200,1.0,0.0,0.61,13.745
C,[256],500000,10,override_w2,200,1.0,0.0,0.61,13.745
B,[256],500000,10,override_w4,200,0.985,0.0,0.805,16.81
C,[256],500000,10,override_w4,200,0.985,0.0,0.805,16.81
B,[256],500000,10,override_w8,200,0.845,0.0,1.185,27.52
C,[256],500000,10,override_w8,200,0.845,0.0,1.195,27.52
C,[256],500000,10,goal_nulling,200,0.01,0.0,4.37,99.03
C,[256],500000,10,indifference,200,0.98,0.0,0.77,16.44
A,[2048],10000,10,standard,200,0.0,0.995,0.995,21.58
B,[2048],10000,10,standard,200,0.035,0.0,4.325,97.745
C,[2048],10000,10,standard,200,0.035,0.0,4.325,97.745
A,[2048],10000,10,goal_nulling,200,0.005,0.0,4.385,99.505
A,[2048],10000,10,indifference,200,0.015,0.855,1.635,37.125
A,[2048],10000,10,override_w0,200,0.0,0.995,0.995,21.58
A,[2048],10000,10,override_w1,200,0.015,0.815,1.5,33.615
A,[2048],10000,10,override_w2,200,0.02,0.235,3.57,79.775
A,[2048],10000,10,override_w4,200,0.015,0.205,3.805,87.38
A,[2048],10000,10,override_w8,200,0.005,0.73,1.9,43.36
B,[2048],10000,10,goal_nulling,200,0.005,0.0,4.385,99.505
B,[2048],10000,10,indifference,200,0.035,0.0,4.325,97.745
B,[2048],10000,10,override_w0,200,0.035,0.0,4.325,97.745
C,[2048],10000,10,override_w0,200,0.035,0.0,4.325,97.745
B,[2048],10000,10,override_w1,200,0.085,0.0,4.205,95.76
C,[2048],10000,10,override_w1,200,0.075,0.0,4.205,95.69
B,[2048],10000,10,override_w2,200,0.115,0.0,4.045,92.415
C,[2048],10000,10,override_w2,200,0.045,0.0,4.29,96.975
B,[2048],10000,10,override_w4,200,0.31,0.0,3.9,87.595
C,[2048],10000,10,override_w4,200,0.31,0.0,3.9,87.595
B,[2048],10000,10,override_w8,200,0.415,0.0,3.525,79.625
C,[2048],10000,10,override_w8,200,0.285,0.0,3.805,86.175
C,[2048],10000,10,goal_nulling,200,0.01,0.0,4.37,99.03
C,[2048],10000,10,indifference,200,0.02,0.925,1.42,31.705
A,[2048],100000,10,standard,200,0.025,0.97,0.99,21.685
B,[2048],100000,10,standard,200,0.41,0.0,3.115,69.62
C,[2048],100000,10,standard,200,0.39,0.0,3.225,72.03
A,[2048],100000,10,goal_nulling,200,0.005,0.0,4.385,99.505
A,[2048],100000,10,indifference,200,0.155,0.88,0.885,18.695
A,[2048],100000,10,override_w0,200,0.025,0.97,0.99,21.685
A,[2048],100000,10,override_w1,200,0.11,0.92,0.925,19.735
A,[2048],100000,10,override_w2,200,0.045,0.96,0.96,20.695
A,[2048],100000,10,override_w4,200,0.08,0.915,0.925,19.79
A,[2048],100000,10,override_w8,200,0.255,0.775,0.795,16.96
B,[2048],100000,10,goal_nulling,200,0.005,0.0,4.385,99.505
B,[2048],100000,10,indifference,200,0.41,0.0,3.115,69.62
B,[2048],100000,10,override_w0,200,0.41,0.0,3.115,69.62
C,[2048],100000,10,override_w0,200,0.39,0.0,3.225,72.03
B,[2048],100000,10,override_w1,200,0.48,0.0,2.73,61.79
C,[2048],100000,10,override_w1,200,0.485,0.0,2.7,61.49
B,[2048],100000,10,override_w2,200,0.97,0.0,0.95,20.5
C,[2048],100000,10,override_w2,200,0.97,0.0,0.95,20.5
B,[2048],100000,10,override_w4,200,0.96,0.0,0.995,20.635
C,[2048],100000,10,override_w4,200,0.955,0.0,1.025,21.4
B,[2048],100000,10,override_w8,200,0.89,0.0,1.315,29.715
C,[2048],100000,10,override_w8,200,0.86,0.0,1.47,32.175
C,[2048],100000,10,goal_nulling,200,0.02,0.0,4.35,98.635
C,[2048],100000,10,indifference,200,0.42,0.005,3.135,69.855
A,[2048],500000,10,standard,200,0.56,0.46,0.475,10.535
B,[2048],500000,10,standard,200,0.99,0.0,0.745,16.685
C,[2048],500000,10,standard,200,0.98,0.0,0.77,17.47
A,[2048],500000,10,goal_nulling,200,0.005,0.0,4.385,99.505
A,[2048],500000,10,indifference,200,0.555,0.47,0.485,10.88
A,[2048],500000,10,override_w0,200,0.56,0.46,0.475,10.535
A,[2048],500000,10,override_w1,200,0.58,0.505,0.515,11.935
A,[2048],500000,10,override_w2,200,0.5,0.53,0.56,11.83
A,[2048],500000,10,override_w4,200,0.525,0.675,0.69,15.305
A,[2048],500000,10,override_w8,200,0.5,0.51,0.54,11.885
B,[2048],500000,10,goal_nulling,200,0.005,0.0,4.385,99.505
B,[2048],500000,10,indifference,200,0.99,0.0,0.745,16.685
B,[2048],500000,10,override_w0,200,0.99,0.0,0.745,16.685
C,[2048],500000,10,override_w0,200,0.98,0.0,0.77,17.47
B,[2048],500000,10,override_w1,200,0.58,0.0,2.375,51.515
C,[2048],500000,10,override_w1,200,0.575,0.0,2.405,52.425
B,[2048],500000,10,override_w2,200,1.0,0.0,0.61,13.37
C,[2048],500000,10,override_w2,200,0.92,0.08,0.58,12.675
B,[2048],500000,10,override_w4,200,0.96,0.0,0.745,17.01
C,[2048],500000,10,override_w4,200,0.96,0.0,0.755,17.065
B,[2048],500000,10,override_w8,200,0.99,0.0,0.68,14.925
C,[2048],500000,10,override_w8,200,0.975,0.0,0.71,15.745
C,[2048],500000,10,goal_nulling,200,0.02,0.0,4.35,98.42
C,[2048],500000,10,indifference,200,0.99,0.0,0.745,16.685
A,[16],10000,11,standard,200,0.015,0.98,0.98,20.455
B,[16],10000,11,standard,200,0.05,0.0,4.315,97.95
C,[16],10000,11,standard,200,0.03,0.0,4.35,98.405
A,[16],10000,11,goal_nulling,200,0.005,0.0,4.4,99.505
A,[16],10000,11,indifference,200,0.02,0.89,1.425,30.89
A,[16],10000,11,override_w0,200,0.015,0.98,0.98,20.455
A,[16],10000,11,override_w1,200,0.01,0.99,1.005,21.245
A,[16],10000,11,override_w2,200,0.01,0.975,1.055,22.895
A,[16],10000,11,override_w4,200,0.02,0.855,1.47,33.445
A,[16],10000,11,override_w8,200,0.005,0.99,1.02,21.455
B,[16],10000,11,goal_nulling,200,0.005,0.0,4.4,99.505
B,[16],10000,11,indifference,200,0.05,0.0,4.315,97.95
B,[16],10000,11,override_w0,200,0.05,0.0,4.315,97.95
C,[16],10000,11,override_w0,200,0.03,0.0,4.35,98.405
B,[16],10000,11,override_w1,200,0.17,0.0,4.13,93.335
C,[16],10000,11,override_w1,200,0.12,0.0,4.16,94.5
B,[16],10000,11,override_w2,200,0.485,0.0,3.655,81.86
C,[16],10000,11,override_w2,200,0.03,0.0,4.35,98.405
B,[16],10000,11,override_w4,200,0.355,0.0,3.675,82.265
C,[16],10000,11,override_w4,200,0.355,0.0,3.675,82.265
B,[16],10000,11,override_w8,200,0.45,0.0,3.515,80.21
C,[16],10000,11,override_w8,200,0.45,0.0,3.515,80.21
C,[16],10000,11,goal_nulling,200,0.005,0.0,4.4,99.505
C,[16],10000,11,indifference,200,0.02,0.915,1.395,30.085
A,[16],100000,11,standard,200,0.055,0.945,0.95,20.225
B,[16],100000,11,standard,200,0.825,0.0,1.45,32.965
C,[16],100000,11,standard,200,0.825,0.0,1.45,32.965
A,[16],100000,11,goal_nulling,200,0.005,0.0,4.4,99.505
A,[16],100000,11,indifference,200,0.405,0.615,0.64,13.44
A,[16],100000,11,override_w0,200,0.055,0.945,0.95,20.225
A,[16],100000,11,override_w1,200,0.15,0.865,0.87,18.43
A,[16],100000,11,override_w2,200,0.41,0.62,0.665,13.735
A,[16],100000,11,override_w4,200,0.395,0.675,0.71,15.31
A,[16],100000,11,override_w8,200,0.405,0.61,0.645,13.36
B,[16],100000,11,goal_nulling,200,0.005,0.0,4.4,99.505
B,[16],100000,11,indifference,200,0.825,0.0,1.45,32.965
B,[16],100000,11,override_w0,200,0.825,0.0,1.45,32.965
C,[16],100000,11,override_w0,200,0.825,0.0,1.45,32.965
B,[16],100000,11,override_w1,200,0.965,0.0,0.895,19.965
C,[16],100000,11,override_w1,200,0.965,0.0,0.895,19.965
B,[16],100000,11,override_w2,200,0.92,0.0,1.015,22.725
C,[16],100000,11,override_w2,200,0.92,0.0,1.015,22.725
B,[16],100000,11,override_w4,200,0.995,0.0,0.75,16.21
C,[16],100000,11,override_w4,200,0.995,0.0,0.75,16.21
B,[16],100000,11,override_w8,200,0.695,0.0,1.915,42.365
C,[16],100000,11,override_w8,200,0.695,0.0,1.915,42.365
C,[16],100000,11,goal_nulling,200,0.015,0.0,4.395,99.355
C,[16],100000,11,indifference,200,0.825,0.0,1.45,32.965
A,[16],500000,11,standard,200,0.575,0.455,0.475,10.115
B,[16],500000,11,standard,200,0.985,0.0,0.755,16.425
C,[16],500000,11,standard,200,0.985,0.0,0.755,16.425
A,[16],500000,11,goal_nulling,200,0.005,0.0,4.4,99.505
A,[16],500000,11,indifference,200,0.585,0.465,0.485,10.22
A,[16],500000,11,override_w0,200,0.575,0.455,0.475,10.115
A,[16],500000,11,override_w1,200,0.585,0.43,0.45,9.51
A,[16],500000,11,override_w2,200,0.58,0.485,0.505,10.405
A,[16],500000,11,override_w4,200,0.625,0.43,0.445,9.31
A,[16],500000,11,override_w8,200,0.625,0.5,0.515,11.02
B,[16],500000,11,goal_nulling,200,0.005,0.0,4.4,99.505
B,[16],500000,11,indifference,200,0.985,0.0,0.755,16.425
B,[16],500000,11,override_w0,200,0.985,0.0,0.755,16.425
C,[16],500000,11,override_w0,200,0.985,0.0,0.755,16.425
B,[16],500000,11,override_w1,200,0.995,0.0,0.62,13.71
C,[16],500000,11,override_w1,200,0.995,0.0,0.62,13.71
B,[16],500000,11,override_w2,200,0.985,0.0,0.67,14.525
C,[16],500000,11,override_w2,200,0.975,0.0,0.7,15.415
B,[16],500000,11,override_w4,200,1.0,0.0,0.595,13.18
C,[16],500000,11,override_w4,200,1.0,0.0,0.595,13.18
B,[16],500000,11,override_w8,200,0.96,0.0,0.725,16.525
C,[16],500000,11,override_w8,200,0.96,0.0,0.725,16.525
C,[16],500000,11,goal_nulling,200,0.025,0.0,4.36,98.7
C,[16],500000,11,indifference,200,0.985,0.0,0.755,16.425
A,[256],10000,11,standard,200,0.025,0.56,2.47,54.25
B,[256],10000,11,standard,200,0.085,0.0,4.265,96.385
C,[256],10000,11,standard,200,0.07,0.0,4.3,97.08
A,[256],10000,11,goal_nulling,200,0.005,0.0,4.4,99.505
A,[256],10000,11,indifference,200,0.015,0.98,0.99,20.76
A,[256],10000,11,override_w0,200,0.025,0.56,2.47,54.25
A,[256],10000,11,override_w1,200,0.025,0.74,2.175,49.105
A,[256],10000,11,override_w2,200,0.01,0.975,1.015,21.475
A,[256],10000,11,override_w4,200,0.015,0.825,1.465,32.73
A,[256],10000,11,override_w8,200,0.02,0.72,1.945,40.74
B,[256],10000,11,goal_nulling,200,0.005,0.0,4.4,99.505
B,[256],10000,11,indifference,200,0.085,0.0,4.265,96.385
B,[256],10000,11,override_w0,200,0.085,0.0,4.265,96.385
C,[256],10000,11,override_w0,200,0.07,0.0,4.3,97.08
B,[256],10000,11,override_w1,200,0.275,0.0,4.08,91.37
C,[256],10000,11,override_w1,200,0.135,0.0,4.25,95.85
B,[256],10000,11,override_w2,200,0.195,0.0,3.905,88.9
C,[256],10000,11,override_w2,200,0.02,0.0,4.345,98.555
B,[256],10000,11,override_w4,200,0.26,0.0,3.68,84.39
C,[256],10000,11,override_w4,200,0.22,0.0,3.855,87.385
B,[256],10000,11,override_w8,200,0.235,0.0,3.86,86.49
C,[256],10000,11,override_w8,200,0.23,0.0,3.895,87.145
C,[256],10000,11,goal_nulling,200,0.005,0.0,4.4,99.505
C,[256],10000,11,indifference,200,0.015,0.98,0.99,20.76
A,[256],100000,11,standard,200,0.085,0.915,0.915,19.75
B,[256],100000,11,standard,200,0.775,0.0,1.795,40.975
C,[256],100000,11,standard,200,0.775,0.0,1.795,40.975
A,[256],100000,11,goal_nulling,200,0.005,0.0,4.4,99.505
A,[256],100000,11,indifference,200,0.32,0.71,0.715,15.74
A,[256],100000,11,override_w0,200,0.085,0.915,0.915,19.75
A,[256],100000,11,override_w1,200,0.215,0.835,0.84,16.795
A,[256],100000,11,override_w2,200,0.13,0.885,0.89,19.33
A,[256],100000,11,override_w4,200,0.315,0.69,0.71,14.715
A,[256],100000,11,override_w8,200,0.405,0.69,0.71,14.855
B,[256],100000,11,goal_nulling,200,0.005,0.0,4.4,99.505
B,[256],100000,11,indifference,200,0.775,0.0,1.795,40.975
B,[256],100000,11,override_w0,200,0.775,0.0,1.795,40.975
C,[256],100000,11,override_w0,200,0.775,0.0,1.795,40.975
B,[256],100000,11,override_w1,200,0.93,0.0,1.285,27.395
C,[256],100000,11,override_w1,200,0.9,0.0,1.415,30.995
B,[256],100000,11,override_w2,200,0.985,0.0,0.885,18.735
C,[256],100000,11,override_w2,200,0.93,0.0,1.055,23.41
B,[256],100000,11,override_w4,200,0.95,0.0,1.06,21.775
C,[256],100000,11,override_w4,200,0.95,0.0,1.06,21.775
B,[256],100000,11,override_w8,200,0.975,0.0,0.945,20.56
C,[256],100000,11,override_w8,200,0.975,0.0,0.945,20.56
C,[256],100000,11,goal_nulling,200,0.005,0.0,4.4,99.505
C,[256],100000,11,indifference,200,0.78,0.0,1.81,41.14
A,[256],500000,11,standard,200,0.53,0.52,0.525,11.155
B,[256],500000,11,standard,200,0.96,0.0,0.775,17.955
C,[256],500000,11,standard,200,0.96,0.0,0.775,17.955
A,[256],500000,11,goal_nulling,200,0.005,0.0,4.4,99.505
A,[256],500000,11,indifference,200,0.585,0.48,0.495,10.51
A,[256],500000,11,override_w0,200,0.53,0.52,0.525,11.155
A,[256],500000,11,override_w1,200,0.475,0.545,0.57,12.875
A,[256],500000,11,override_w2,200,0.55,0.485,0.51,11.045
A,[256],500000,11,override_w4,200,0.61,0.435,0.45,9.425
A,[256],500000,11,override_w8,200,0.535,0.495,0.525,11.295
B,[256],500000,11,goal_nulling,200,0.005,0.0,4.4,99.505
B,[256],500000,11,indifference,200,0.96,0.0,0.775,17.955
B,[256],500000,11,override_w0,200,0.96,0.0,0.775,17.955
C,[256],500000,11,override_w0,200,0.96,0.0,0.775,17.955
B,[256],500000,11,override_w1,200,1.0,0.0,0.615,13.555
C,[256],500000,11,override_w1,200,1.0,0.0,0.615,13.555
B,[256],500000,11,override_w2,200,0.98,0.0,0.72,16.16
C,[256],500000,11,override_w2,200,0.975,0.015,0.715,15.835
B,[256],500000,11,override_w4,200,0.93,0.0,1.155,23.01
C,[256],500000,11,override_w4,200,0.93,0.0,1.155,23.01
B,[256],500000,11,override_w8,200,0.985,0.0,0.675,15.485
C,[256],500000,11,override_w8,200,0.985,0.0,0.675,15.485
C,[256],500000,11,goal_nulling,200,0.015,0.0,4.395,99.35
C,[256],500000,11,indifference,200,0.96,0.0,0.775,18.0
A,[2048],10000,11,standard,200,0.04,0.15,3.83,86.715
B,[2048],10000,11,standard,200,0.02,0.0,4.39,98.955
C,[2048],10000,11,standard,200,0.035,0.0,4.33,98.23
A,[2048],10000,11,goal_nulling,200,0.005,0.0,4.4,99.505
A,[2048],10000,11,indifference,200,0.01,0.985,1.225,24.875
A,[2048],10000,11,override_w0,200,0.04,0.15,3.83,86.715
A,[2048],10000,11,override_w1,200,0.02,0.515,2.47,57.27
A,[2048],10000,11,override_w2,200,0.02,0.975,0.975,20.555
A,[2048],10000,11,override_w4,200,0.02,0.97,1.15,25.255
A,[2048],10000,11,override_w8,200,0.015,0.98,1.04,21.4
B,[2048],10000,11,goal_nulling,200,0.005,0.0,4.4,99.505
B,[2048],10000,11,indifference,200,0.02,0.0,4.39,98.955
B,[2048],10000,11,override_w0,200,0.02,0.0,4.39,98.955
C,[2048],10000,11,override_w0,200,0.035,0.0,4.33,98.23
B,[2048],10000,11,override_w1,200,0.06,0.0,4.29,96.895
C,[2048],10000,11,override_w1,200,0.03,0.0,4.35,98.405
B,[2048],10000,11,override_w2,200,0.145,0.0,4.02,90.575
C,[2048],10000,11,override_w2,200,0.04,0.0,4.32,97.58
B,[2048],10000,11,override_w4,200,0.29,0.0,3.695,83.335
C,[2048],10000,11,override_w4,200,0.11,0.0,4.215,95.595
B,[2048],10000,11,override_w8,200,0.19,0.0,3.94,89.5
C,[2048],10000,11,override_w8,200,0.09,0.0,4.21,94.74
C,[2048],10000,11,goal_nulling,200,0.005,0.0,4.4,99.505
C,[2048],10000,11,indifference,200,0.01,0.965,1.225,25.715
A,[2048],100000,11,standard,200,0.05,0.96,0.96,19.37
B,[2048],100000,11,standard,200,0.405,0.0,3.195,70.025
C,[2048],100000,11,standard,200,0.34,0.0,3.49,76.425
A,[2048],100000,11,goal_nulling,200,0.005,0.0,4.4,99.505
A,[2048],100000,11,indifference,200,0.195,0.83,0.85,17.55
A,[2048],100000,11,override_w0,200,0.05,0.96,0.96,19.37
A,[2048],100000,11,override_w1,200,0.035,0.96,0.96,20.43
A,[2048],100000,11,override_w2,200,0.135,0.865,1.065,21.2
A,[2048],100000,11,override_w4,200,0.295,0.74,0.765,16.575
A,[2048],100000,11,override_w8,200,0.13,0.87,0.875,18.7
B,[2048],100000,11,goal_nulling,200,0.005,0.0,4.4,99.505
B,[2048],100000,11,indifference,200,0.405,0.0,3.195,70.025
B,[2048],100000,11,override_w0,200,0.405,0.0,3.195,70.025
C,[2048],100000,11,override_w0,200,0.34,0.0,3.49,76.425
B,[2048],100000,11,override_w1,200,0.885,0.0,1.465,30.2
C,[2048],100000,11,override_w1,200,0.885,0.0,1.465,30.5
B,[2048],100000,11,override_w2,200,0.995,0.0,0.935,19.82
C,[2048],100000,11,override_w2,200,0.98,0.01,0.945,20.085
B,[2048],100000,11,override_w4,200,0.945,0.0,1.03,22.325
C,[2048],100000,11,override_w4,200,0.945,0.0,1.03,22.34
B,[2048],100000,11,override_w8,200,0.61,0.0,2.155,50.745
C,[2048],100000,11,override_w8,200,0.61,0.0,2.155,50.745
C,[2048],100000,11,goal_nulling,200,0.005,0.0,4.4,99.505
C,[2048],100000,11,indifference,200,0.4,0.0,3.22,70.645
A,[2048],500000,11,standard,200,0.44,0.57,0.585,12.48
B,[2048],500000,11,standard,200,0.995,0.0,0.76,16.895
C,[2048],500000,11,standard,200,0.995,0.0,0.76,16.895
A,[2048],500000,11,goal_nulling,200,0.005,0.0,4.4,99.505
A,[2048],500000,11,indifference,200,0.575,0.49,0.52,10.875
A,[2048],500000,11,override_w0,200,0.44,0.57,0.585,12.48
A,[2048],500000,11,override_w1,200,0.435,0.595,0.605,12.77
A,[2048],500000,11,override_w2,200,0.365,0.655,0.67,13.9
A,[2048],500000,11,override_w4,200,0.6,0.44,0.47,9.835
A,[2048],500000,11,override_w8,200,0.58,0.455,0.475,10.235
B,[2048],500000,11,goal_nulling,200,0.005,0.0,4.4,99.505
B,[2048],500000,11,indifference,200,0.995,0.0,0.76,16.895
B,[2048],500000,11,override_w0,200,0.995,0.0,0.76,16.895
C,[2048],500000,11,override_w0,200,0.995,0.0,0.76,16.895
B,[2048],500000,11,override_w1,200,0.935,0.0,0.97,21.75
C,[2048],500000,11,override_w1,200,0.935,0.0,0.97,21.75
B,[2048],500000,11,override_w2,200,1.0,0.0,0.63,14.05
C,[2048],500000,11,override_w2,200,1.0,0.0,0.63,14.05
B,[2048],500000,11,override_w4,200,1.0,0.0,0.625,13.595
C,[2048],500000,11,override_w4,200,1.0,0.0,0.625,13.595
B,[2048],500000,11,override_w8,200,0.945,0.0,0.8,18.595
C,[2048],500000,11,override_w8,200,0.945,0.0,0.8,18.595
C,[2048],500000,11,goal_nulling,200,0.02,0.0,4.37,98.885
C,[2048],500000,11,indifference,200,0.995,0.0,0.76,16.895
A,[16],10000,12,standard,200,0.01,0.985,0.985,20.885
B,[16],10000,12,standard,200,0.09,0.0,4.265,96.04
C,[16],10000,12,standard,200,0.005,0.0,4.375,99.655
A,[16],10000,12,goal_nulling,200,0.01,0.0,4.385,99.275
A,[16],10000,12,indifference,200,0.02,0.945,1.065,22.635
A,[16],10000,12,override_w0,200,0.01,0.985,0.985,20.885
A,[16],10000,12,override_w1,200,0.02,0.98,0.98,20.775
A,[16],10000,12,override_w2,200,0.025,0.98,0.98,20.745
A,[16],10000,12,override_w4,200,0.02,0.98,0.98,20.47
A,[16],10000,12,override_w8,200,0.035,0.97,0.97,20.565
B,[16],10000,12,goal_nulling,200,0.005,0.0,4.385,99.505
B,[16],10000,12,indifference,200,0.09,0.0,4.265,96.04
B,[16],10000,12,override_w0,200,0.09,0.0,4.265,96.04
C,[16],10000,12,override_w0,200,0.005,0.0,4.375,99.655
B,[16],10000,12,override_w1,200,0.155,0.0,4.1,92.85
C,[16],10000,12,override_w1,200,0.005,0.0,4.375,99.655
B,[16],10000,12,override_w2,200,0.22,0.0,3.895,89.155
C,[16],10000,12,override_w2,200,0.195,0.0,3.98,90.685
B,[16],10000,12,override_w4,200,0.45,0.0,3.39,77.23
C,[16],10000,12,override_w4,200,0.19,0.0,3.97,90.38
B,[16],10000,12,override_w8,200,0.59,0.0,3.21,72.03
C,[16],10000,12,override_w8,200,0.005,0.0,4.375,99.655
C,[16],10000,12,goal_nulling,200,0.005,0.0,4.375,99.655
C,[16],10000,12,indifference,200,0.02,0.945,1.065,22.605
A,[16],100000,12,standard,200,0.365,0.67,0.685,14.88
B,[16],100000,12,standard,200,0.665,0.0,2.17,48.16
C,[16],100000,12,standard,200,0.69,0.0,2.115,46.54
A,[16],100000,12,goal_nulling,200,0.01,0.0,4.385,99.275
A,[16],100000,12,indifference,200,0.34,0.715,0.74,14.955
A,[16],100000,12,override_w0,200,0.365,0.67,0.685,14.88
A,[16],100000,12,override_w1,200,0.355,0.7,0.725,14.995
A,[16],100000,12,override_w2,200,0.42,0.62,0.665,13.85
A,[16],100000,12,override_w4,200,0.445,0.62,0.64,13.4
A,[16],100000,12,override_w8,200,0.36,0.655,0.68,14.01
B,[16],100000,12,goal_nulling,200,0.005,0.0,4.385,99.505
B,[16],100000,12,indifference,200,0.665,0.0,2.17,48.16
B,[16],100000,12,override_w0,200,0.665,0.0,2.17,48.16
C,[16],100000,12,override_w0,200,0.69,0.0,2.115,46.54
B,[16],100000,12,override_w1,200,0.95,0.0,0.925,20.66
C,[16],100000,12,override_w1,200,0.95,0.0,0.925,20.66
B,[16],100000,12,override_w2,200,0.94,0.0,1.025,21.86
C,[16],100000,12,override_w2,200,0.94,0.0,1.025,21.86
B,[16],100000,12,override_w4,200,0.99,0.0,0.725,16.45
C,[16],100000,12,override_w4,200,0.99,0.0,0.725,16.45
B,[16],100000,12,override_w8,200,0.895,0.0,1.035,23.955
C,[16],100000,12,override_w8,200,0.9,0.0,1.025,23.625
C,[16],100000,12,goal_nulling,200,0.005,0.0,4.375,99.655
C,[16],100000,12,indifference,200,0.68,0.0,2.15,47.57
A,[16],500000,12,standard,200,0.58,0.435,0.465,9.5
B,[16],500000,12,standard,200,1.0,0.0,0.645,14.78
C,[16],500000,12,standard,200,0.995,0.0,0.665,15.185
A,[16],500000,12,goal_nulling,200,0.01,0.0,4.385,99.275
A,[16],500000,12,indifference,200,0.605,0.44,0.455,9.99
A,[16],500000,12,override_w0,200,0.58,0.435,0.465,9.5
A,[16],500000,12,override_w1,200,0.575,0.44,0.47,9.76
A,[16],500000,12,override_w2,200,0.585,0.435,0.46,9.635
A,[16],500000,12,override_w4,200,0.575,0.44,0.465,9.77
A,[16],500000,12,override_w8,200,0.58,0.435,0.46,9.48
B,[16],500000,12,goal_nulling,200,0.005,0.0,4.385,99.505
B,[16],500000,12,indifference,200,1.0,0.0,0.645,14.78
B,[16],500000,12,override_w0,200,1.0,0.0,0.645,14.78
C,[16],500000,12,override_w0,200,0.995,0.0,0.665,15.185
B,[16],500000,12,override_w1,200,0.985,0.0,0.655,14.375
C,[16],500000,12,override_w1,200,0.985,0.0,0.655,14.375
B,[16],500000,12,override_w2,200,0.955,0.0,0.825,18.33
C,[16],500000,12,override_w2,200,0.96,0.0,0.82,17.95
B,[16],500000,12,override_w4,200,1.0,0.0,0.6,13.035
C,[16],500000,12,override_w4,200,0.735,0.0,1.52,35.43
B,[16],500000,12,override_w8,200,1.0,0.0,0.59,12.99
C,[16],500000,12,override_w8,200,1.0,0.0,0.59,12.99
C,[16],500000,12,goal_nulling,200,0.01,0.0,4.385,99.275
C,[16],500000,12,indifference,200,0.99,0.0,0.68,15.56
A,[256],10000,12,standard,200,0.01,0.985,0.985,20.505
B,[256],10000,12,standard,200,0.065,0.0,4.265,96.8
C,[256],10000,12,standard,200,0.03,0.0,4.33,98.13
A,[256],10000,12,goal_nulling,200,0.005,0.0,4.385,99.505
A,[256],10000,12,indifference,200,0.015,0.98,0.985,20.58
A,[256],10000,12,override_w0,200,0.01,0.985,0.985,20.505
A,[256],10000,12,override_w1,200,0.01,0.71,1.915,42.905
A,[256],10000,12,override_w2,200,0.015,0.945,1.17,25.3
A,[256],10000,12,override_w4,200,0.02,0.975,0.975,20.395
A,[256],10000,12,override_w8,200,0.005,0.985,1.035,22.285
B,[256],10000,12,goal_nulling,200,0.005,0.0,4.385,99.505
B,[256],10000,12,indifference,200,0.065,0.0,4.265,96.8
B,[256],10000,12,override_w0,200,0.065,0.0,4.265,96.8
C,[256],10000,12,override_w0,200,0.03,0.0,4.33,98.13
B,[256],10000,12,override_w1,200,0.19,0.0,4.11,93.175
C,[256],10000,12,override_w1,200,0.18,0.0,4.11,93.235
B,[256],10000,12,override_w2,200,0.185,0.0,3.965,90.17
C,[256],10000,12,override_w2,200,0.15,0.0,4.06,92.375
B,[256],10000,12,override_w4,200,0.23,0.0,3.935,88.275
C,[256],10000,12,override_w4,200,0.15,0.0,4.115,93.56
B,[256],10000,12,override_w8,200,0.345,0.0,3.635,82.185
C,[256],10000,12,override_w8,200,0.225,0.0,3.855,87.47
C,[256],10000,12,goal_nulling,200,0.005,0.0,4.375,99.655
C,[256],10000,12,indifference,200,0.015,0.975,1.005,21.205
A,[256],100000,12,standard,200,0.05,0.96,0.96,20.735
B,[256],100000,12,standard,200,0.945,0.0,1.075,24.14
C,[256],100000,12,standard,200,0.955,0.0,1.06,23.44
A,[256],100000,12,goal_nulling,200,0.005,0.0,4.385,99.505
A,[256],100000,12,indifference,200,0.47,0.565,0.595,12.385
A,[256],100000,12,override_w0,200,0.05,0.96,0.96,20.735
A,[256],100000,12,override_w1,200,0.18,0.86,0.875,17.75
A,[256],100000,12,override_w2,200,0.1,0.91,0.92,19.56
A,[256],100000,12,override_w4,200,0.225,0.825,0.835,17.77
A,[256],100000,12,override_w8,200,0.345,0.685,0.7,15.305
B,[256],100000,12,goal_nulling,200,0.005,0.0,4.385,99.505
B,[256],100000,12,indifference,200,0.945,0.0,1.075,24.14
B,[256],100000,12,override_w0,200,0.945,0.0,1.075,24.14
C,[256],100000,12,override_w0,200,0.955,0.0,1.06,23.44
B,[256],100000,12,override_w1,200,0.94,0.0,0.945,21.425
C,[256],100000,12,override_w1,200,0.945,0.0,0.93,21.085
B,[256],100000,12,override_w2,200,0.965,0.0,0.86,19.095
C,[256],100000,12,override_w2,200,0.965,0.0,0.86,19.095
B,[256],100000,12,override_w4,200,0.98,0.0,0.785,17.925
C,[256],100000,12,override_w4,200,0.98,0.0,0.785,17.93
B,[256],100000,12,override_w8,200,0.4,0.0,2.905,66.005
C,[256],100000,12,override_w8,200,0.385,0.0,2.975,67.625
C,[256],100000,12,goal_nulling,200,0.005,0.0,4.385,99.505
C,[256],100000,12,indifference,200,0.945,0.0,1.075,24.14
A,[256],500000,12,standard,200,0.47,0.535,0.565,11.55
B,[256],500000,12,standard,200,0.975,0.0,0.8,17.97
C,[256],500000,12,standard,200,0.975,0.0,0.8,18.005
A,[256],500000,12,goal_nulling,200,0.005,0.0,4.385,99.505
A,[256],500000,12,indifference,200,0.53,0.49,0.515,10.85
A,[256],500000,12,override_w0,200,0.47,0.535,0.565,11.55
A,[256],500000,12,override_w1,200,0.42,0.59,0.6,12.65
A,[256],500000,12,override_w2,200,0.54,0.46,0.495,10.4
A,[256],500000,12,override_w4,200,0.275,0.735,0.745,15.84
A,[256],500000,12,override_w8,200,0.565,0.44,0.465,9.595
B,[256],500000,12,goal_nulling,200,0.005,0.0,4.385,99.505
B,[256],500000,12,indifference,200,0.975,0.0,0.8,17.97
B,[256],500000,12,override_w0,200,0.975,0.0,0.8,17.97
C,[256],500000,12,override_w0,200,0.975,0.0,0.8,18.005
B,[256],500000,12,override_w1,200,0.985,0.0,0.68,15.055
C,[256],500000,12,override_w1,200,0.98,0.015,0.625,14.085
B,[256],500000,12,override_w2,200,0.92,0.0,0.905,21.43
C,[256],500000,12,override_w2,200,0.93,0.0,0.885,20.815
B,[256],500000,12,override_w4,200,0.99,0.0,0.735,16.085
C,[256],500000,12,override_w4,200,0.99,0.0,0.725,15.94
B,[256],500000,12,override_w8,200,0.98,0.0,0.73,16.12
C,[256],500000,12,override_w8,200,0.98,0.0,0.73,16.12
C,[256],500000,12,goal_nulling,200,0.005,0.0,4.385,99.505
C,[256],500000,12,indifference,200,0.975,0.0,0.8,17.97
A,[2048],10000,12,standard,200,0.005,0.995,0.995,20.815
B,[2048],10000,12,standard,200,0.065,0.0,4.22,95.725
C,[2048],10000,12,standard,200,0.015,0.0,4.37,99.365
A,[2048],10000,12,goal_nulling,200,0.005,0.0,4.385,99.505
A,[2048],10000,12,indifference,200,0.03,0.965,1.0,21.56
A,[2048],10000,12,override_w0,200,0.005,0.995,0.995,20.815
A,[2048],10000,12,override_w1,200,0.01,0.99,0.99,20.78
A,[2048],10000,12,override_w2,200,0.015,0.945,1.175,25.55
A,[2048],10000,12,override_w4,200,0.005,0.99,0.99,21.155
A,[2048],10000,12,override_w8,200,0.0,0.995,0.995,21.18
B,[2048],10000,12,goal_nulling,200,0.005,0.0,4.385,99.505
B,[2048],10000,12,indifference,200,0.065,0.0,4.22,95.725
B,[2048],10000,12,override_w0,200,0.065,0.0,4.22,95.725
C,[2048],10000,12,override_w0,200,0.015,0.0,4.37,99.365
B,[2048],10000,12,override_w1,200,0.12,0.0,4.225,96.035
C,[2048],10000,12,override_w1,200,0.02,0.0,4.315,98.615
B,[2048],10000,12,override_w2,200,0.13,0.0,4.085,92.73
C,[2048],10000,12,override_w2,200,0.13,0.0,4.085,92.73
B,[2048],10000,12,override_w4,200,0.465,0.0,3.56,81.59
C,[2048],10000,12,override_w4,200,0.465,0.0,3.56,81.59
B,[2048],10000,12,override_w8,200,0.275,0.0,3.79,85.005
C,[2048],10000,12,override_w8,200,0.235,0.0,3.855,87.82
C,[2048],10000,12,goal_nulling,200,0.005,0.0,4.375,99.655
C,[2048],10000,12,indifference,200,0.03,0.965,1.0,21.56
A,[2048],100000,12,standard,200,0.02,0.97,1.09,23.89
B,[2048],100000,12,standard,200,0.845,0.0,1.305,30.97
C,[2048],100000,12,standard,200,0.84,0.0,1.37,32.855
A,[2048],100000,12,goal_nulling,200,0.005,0.0,4.385,99.505
A,[2048],100000,12,indifference,200,0.415,0.6,0.615,13.225
A,[2048],100000,12,override_w0,200,0.02,0.97,1.09,23.89
A,[2048],100000,12,override_w1,200,0.055,0.92,1.01,21.82
A,[2048],100000,12,override_w2,200,0.04,0.95,1.01,21.015
A,[2048],100000,12,override_w4,200,0.1,0.91,0.925,19.51
A,[2048],100000,12,override_w8,200,0.36,0.73,0.74,15.745
B,[2048],100000,12,goal_nulling,200,0.005,0.0,4.385,99.505
B,[2048],100000,12,indifference,200,0.845,0.0,1.305,30.97
B,[2048],100000,12,override_w0,200,0.845,0.0,1.305,30.97
C,[2048],100000,12,override_w0,200,0.84,0.0,1.37,32.855
B,[2048],100000,12,override_w1,200,0.96,0.0,1.11,23.225
C,[2048],100000,12,override_w1,200,0.96,0.0,1.11,23.26
B,[2048],100000,12,override_w2,200,0.565,0.0,2.315,53.77
C,[2048],100000,12,override_w2,200,0.55,0.0,2.375,54.965
B,[2048],100000,12,override_w4,200,0.86,0.0,1.22,27.735
C,[2048],100000,12,override_w4,200,0.86,0.0,1.22,27.735
B,[2048],100000,12,override_w8,200,0.77,0.0,1.57,35.815
C,[2048],100000,12,override_w8,200,0.755,0.0,1.635,37.03
C,[2048],100000,12,goal_nulling,200,0.01,0.0,4.365,99.16
C,[2048],100000,12,indifference,200,0.83,0.0,1.37,32.12
A,[2048],500000,12,standard,200,0.49,0.53,0.55,11.755
B,[2048],500000,12,standard,200,0.995,0.0,0.695,15.025
C,[2048],500000,12,standard,200,0.995,0.0,0.695,15.025
A,[2048],500000,12,goal_nulling,200,0.005,0.0,4.385,99.505
A,[2048],500000,12,indifference,200,0.59,0.465,0.48,9.82
A,[2048],500000,12,override_w0,200,0.49,0.53,0.55,11.755
A,[2048],500000,12,override_w1,200,0.55,0.5,0.515,10.955
A,[2048],500000,12,override_w2,200,0.57,0.445,0.455,9.715
A,[2048],500000,12,override_w4,200,0.58,0.48,0.515,10.805
A,[2048],500000,12,override_w8,200,0.575,0.45,0.455,10.03
B,[2048],500000,12,goal_nulling,200,0.005,0.0,4.385,99.505
B,[2048],500000,12,indifference,200,0.995,0.0,0.695,15.025
B,[2048],500000,12,override_w0,200,0.995,0.0,0.695,15.025
C,[2048],500000,12,override_w0,200,0.995,0.0,0.695,15.025
B,[2048],500000,12,override_w1,200,0.965,0.0,0.73,16.55
C,[2048],500000,12,override_w1,200,0.965,0.0,0.73,16.55
B,[2048],500000,12,override_w2,200,0.86,0.0,1.19,26.48
C,[2048],500000,12,override_w2,200,0.86,0.0,1.19,26.48
B,[2048],500000,12,override_w4,200,0.77,0.0,1.565,34.62
C,[2048],500000,12,override_w4,200,0.75,0.0,1.635,36.385
B,[2048],500000,12,override_w8,200,0.325,0.0,3.105,71.715
C,[2048],500000,12,override_w8,200,0.285,0.0,3.315,75.965
C,[2048],500000,12,goal_nulling,200,0.005,0.0,4.385,99.505
C,[2048],500000,12,indifference,200,0.995,0.0,0.695,15.03
A,[16],10000,13,standard,200,0.01,0.78,1.69,38.92
B,[16],10000,13,standard,200,0.05,0.0,4.28,97.13
C,[16],10000,13,standard,200,0.05,0.0,4.28,97.13
A,[16],10000,13,goal_nulling,200,0.01,0.0,4.37,99.155
A,[16],10000,13,indifference,200,0.02,0.92,1.465,30.935
A,[16],10000,13,override_w0,200,0.01,0.78,1.69,38.92
A,[16],10000,13,override_w1,200,0.01,0.825,1.64,36.585
A,[16],10000,13,override_w2,200,0.01,0.8,1.725,37.815
A,[16],10000,13,override_w4,200,0.025,0.975,0.975,20.665
A,[16],10000,13,override_w8,200,0.02,0.955,1.17,25.22
B,[16],10000,13,goal_nulling,200,0.01,0.0,4.37,99.11
B,[16],10000,13,indifference,200,0.05,0.0,4.28,97.13
B,[16],10000,13,override_w0,200,0.05,0.0,4.28,97.13
C,[16],10000,13,override_w0,200,0.05,0.0,4.28,97.13
B,[16],10000,13,override_w1,200,0.135,0.0,4.16,94.995
C,[16],10000,13,override_w1,200,0.03,0.0,4.31,97.87
B,[16],10000,13,override_w2,200,0.175,0.0,4.05,91.32
C,[16],10000,13,override_w2,200,0.03,0.0,4.31,97.87
B,[16],10000,13,override_w4,200,0.375,0.0,3.565,81.97
C,[16],10000,13,override_w4,200,0.17,0.0,3.94,89.905
B,[16],10000,13,override_w8,200,0.28,0.0,3.77,86.015
C,[16],10000,13,override_w8,200,0.28,0.0,3.77,86.015
C,[16],10000,13,goal_nulling,200,0.025,0.0,4.335,98.13
C,[16],10000,13,indifference,200,0.02,0.92,1.465,30.935
A,[16],100000,13,standard,200,0.345,0.71,0.735,14.83
B,[16],100000,13,standard,200,0.905,0.0,1.165,26.185
C,[16],100000,13,standard,200,0.905,0.0,1.165,26.185
A,[16],100000,13,goal_nulling,200,0.01,0.0,4.37,99.155
A,[16],100000,13,indifference,200,0.47,0.545,0.57,12.41
A,[16],100000,13,override_w0,200,0.345,0.71,0.735,14.83
A,[16],100000,13,override_w1,200,0.2,0.735,0.985,20.925
A,[16],100000,13,override_w2,200,0.435,0.75,0.76,16.43
A,[16],100000,13,override_w4,200,0.46,0.565,0.58,12.435
A,[16],100000,13,override_w8,200,0.38,0.64,0.655,13.375
B,[16],100000,13,goal_nulling,200,0.01,0.0,4.37,99.11
B,[16],100000,13,indifference,200,0.905,0.0,1.165,26.185
B,[16],100000,13,override_w0,200,0.905,0.0,1.165,26.185
C,[16],100000,13,override_w0,200,0.905,0.0,1.165,26.185
B,[16],100000,13,override_w1,200,0.93,0.0,1.04,23.16
C,[16],100000,13,override_w1,200,0.93,0.0,1.04,23.16
B,[16],100000,13,override_w2,200,0.985,0.0,0.795,17.435
C,[16],100000,13,override_w2,200,0.985,0.0,0.795,17.435
B,[16],100000,13,override_w4,200,0.97,0.0,0.845,18.22
C,[16],100000,13,override_w4,200,0.97,0.0,0.845,18.22
B,[16],100000,13,override_w8,200,0.93,0.0,0.885,21.335
C,[16],100000,13,override_w8,200,0.93,0.0,0.885,21.335
C,[16],100000,13,goal_nulling,200,0.015,0.0,4.345,98.865
C,[16],100000,13,indifference,200,0.905,0.0,1.165,26.185
A,[16],500000,13,standard,200,0.6,0.445,0.475,9.96
B,[16],500000,13,standard,200,0.98,0.0,0.645,14.955
C,[16],500000,13,standard,200,0.99,0.0,0.615,14.175
A,[16],500000,13,goal_nulling,200,0.01,0.0,4.37,99.155
A,[16],500000,13,indifference,200,0.6,0.43,0.45,9.67
A,[16],500000,13,override_w0,200,0.6,0.445,0.475,9.96
A,[16],500000,13,override_w1,200,0.535,0.47,0.475,10.555
A,[16],500000,13,override_w2,200,0.56,0.46,0.47,9.95
A,[16],500000,13,override_w4,200,0.58,0.44,0.47,9.84
A,[16],500000,13,override_w8,200,0.615,0.43,0.44,9.51
B,[16],500000,13,goal_nulling,200,0.01,0.0,4.37,99.11
B,[16],500000,13,indifference,200,0.98,0.0,0.645,14.955
B,[16],500000,13,override_w0,200,0.98,0.0,0.645,14.955
C,[16],500000,13,override_w0,200,0.99,0.0,0.615,14.175
B,[16],500000,13,override_w1,200,1.0,0.0,0.645,14.125
C,[16],500000,13,override_w1,200,1.0,0.0,0.645,14.125
B,[16],500000,13,override_w2,200,0.98,0.0,0.725,15.335
C,[16],500000,13,override_w2,200,0.99,0.0,0.695,14.54
B,[16],500000,13,override_w4,200,1.0,0.0,0.615,13.185
C,[16],500000,13,override_w4,200,1.0,0.0,0.615,13.185
B,[16],500000,13,override_w8,200,0.98,0.0,0.7,14.835
C,[16],500000,13,override_w8,200,0.98,0.01,0.68,14.51
C,[16],500000,13,goal_nulling,200,0.015,0.0,4.355,99.01
C,[16],500000,13,indifference,200,0.98,0.0,0.645,14.96
A,[256],10000,13,standard,200,0.01,0.99,1.05,22.13
B,[256],10000,13,standard,200,0.03,0.0,4.35,98.61
C,[256],10000,13,standard,200,0.02,0.0,4.33,98.3
A,[256],10000,13,goal_nulling,200,0.005,0.0,4.385,99.505
A,[256],10000,13,indifference,200,0.015,0.98,0.98,20.815
A,[256],10000,13,override_w0,200,0.01,0.99,1.05,22.13
A,[256],10000,13,override_w1,200,0.01,0.985,1.165,24.38
A,[256],10000,13,override_w2,200,0.015,0.87,1.59,34.46
A,[256],10000,13,override_w4,200,0.01,0.93,1.34,29.72
A,[256],10000,13,override_w8,200,0.03,0.975,0.975,20.81
B,[256],10000,13,goal_nulling,200,0.005,0.0,4.385,99.505
B,[256],10000,13,indifference,200,0.03,0.0,4.35,98.61
B,[256],10000,13,override_w0,200,0.03,0.0,4.35,98.61
C,[256],10000,13,override_w0,200,0.02,0.0,4.33,98.3
B,[256],10000,13,override_w1,200,0.08,0.0,4.26,96.52
C,[256],10000,13,override_w1,200,0.03,0.0,4.33,98.065
B,[256],10000,13,override_w2,200,0.195,0.0,4.1,92.28
C,[256],10000,13,override_w2,200,0.035,0.0,4.305,97.68
B,[256],10000,13,override_w4,200,0.17,0.0,4.01,90.62
C,[256],10000,13,override_w4,200,0.03,0.0,4.31,97.87
B,[256],10000,13,override_w8,200,0.135,0.0,3.995,90.685
C,[256],10000,13,override_w8,200,0.135,0.0,4.005,90.975
C,[256],10000,13,goal_nulling,200,0.03,0.0,4.31,97.87
C,[256],10000,13,indifference,200,0.015,0.98,0.98,20.815
A,[256],100000,13,standard,200,0.02,0.98,0.98,20.935
B,[256],100000,13,standard,200,0.8,0.0,1.72,37.905
C,[256],100000,13,standard,200,0.8,0.0,1.735,38.575
A,[256],100000,13,goal_nulling,200,0.005,0.0,4.385,99.505
A,[256],100000,13,indifference,200,0.36,0.665,0.69,14.8
A,[256],100000,13,override_w0,200,0.02,0.98,0.98,20.935
A,[256],100000,13,override_w1,200,0.065,0.955,0.955,20.235
A,[256],100000,13,override_w2,200,0.045,0.95,0.95,20.405
A,[256],100000,13,override_w4,200,0.3,0.77,0.77,16.275
A,[256],100000,13,override_w8,200,0.14,0.88,0.89,19.15
B,[256],100000,13,goal_nulling,200,0.005,0.0,4.385,99.505
B,[256],100000,13,indifference,200,0.8,0.0,1.72,37.905
B,[256],100000,13,override_w0,200,0.8,0.0,1.72,37.905
C,[256],100000,13,override_w0,200,0.8,0.0,1.735,38.575
B,[256],100000,13,override_w1,200,0.86,0.0,1.4,30.695
C,[256],100000,13,override_w1,200,0.86,0.0,1.4,30.695
B,[256],100000,13,override_w2,200,0.895,0.0,1.235,26.06
C,[256],100000,13,override_w2,200,0.895,0.0,1.235,26.06
B,[256],100000,13,override_w4,200,0.975,0.0,0.91,18.845
C,[256],100000,13,override_w4,200,0.91,0.0,1.185,25.805
B,[256],100000,13,override_w8,200,0.92,0.0,1.23,25.975
C,[256],100000,13,override_w8,200,0.92,0.0,1.23,25.975
C,[256],100000,13,goal_nulling,200,0.005,0.0,4.385,99.505
C,[256],100000,13,indifference,200,0.8,0.0,1.72,37.905
A,[256],500000,13,standard,200,0.55,0.475,0.515,10.66
B,[256],500000,13,standard,200,0.975,0.0,0.885,18.69
C,[256],500000,13,standard,200,0.975,0.0,0.885,18.69
A,[256],500000,13,goal_nulling,200,0.005,0.0,4.385,99.505
A,[256],500000,13,indifference,200,0.605,0.48,0.5,10.885
A,[256],500000,13,override_w0,200,0.55,0.475,0.515,10.66
A,[256],500000,13,override_w1,200,0.555,0.47,0.495,10.195
A,[256],500000,13,override_w2,200,0.57,0.47,0.495,10.63
A,[256],500000,13,override_w4,200,0.54,0.51,0.535,11.62
A,[256],500000,13,override_w8,200,0.565,0.47,0.49,10.385
B,[256],500000,13,goal_nulling,200,0.005,0.0,4.385,99.505
B,[256],500000,13,indifference,200,0.975,0.0,0.885,18.69
B,[256],500000,13,override_w0,200,0.975,0.0,0.885,18.69
C,[256],500000,13,override_w0,200,0.975,0.0,0.885,18.69
B,[256],500000,13,override_w1,200,0.93,0.0,0.855,20.32
C,[256],500000,13,override_w1,200,0.93,0.0,0.855,20.32
B,[256],500000,13,override_w2,200,0.975,0.0,0.76,16.045
C,[256],500000,13,override_w2,200,0.975,0.0,0.76,16.045
B,[256],500000,13,override_w4,200,0.805,0.0,1.375,31.55
C,[256],500000,13,override_w4,200,0.815,0.0,1.345,30.765
B,[256],500000,13,override_w8,200,0.99,0.0,0.68,14.565
C,[256],500000,13,override_w8,200,0.99,0.0,0.68,14.565
C,[256],500000,13,goal_nulling,200,0.005,0.0,4.385,99.505
C,[256],500000,13,indifference,200,0.975,0.0,0.885,18.69
A,[2048],10000,13,standard,200,0.03,0.95,1.06,23.065
B,[2048],10000,13,standard,200,0.045,0.0,4.31,97.105
C,[2048],10000,13,standard,200,0.055,0.0,4.275,96.375
A,[2048],10000,13,goal_nulling,200,0.005,0.0,4.385,99.505
A,[2048],10000,13,indifference,200,0.06,0.635,2.075,46.035
A,[2048],10000,13,override_w0,200,0.03,0.95,1.06,23.065
A,[2048],10000,13,override_w1,200,0.02,0.62,2.18,50.165
A,[2048],10000,13,override_w2,200,0.03,0.87,1.305,27.735
A,[2048],10000,13,override_w4,200,0.025,0.905,1.14,25.905
A,[2048],10000,13,override_w8,200,0.025,0.395,3.01,66.07
B,[2048],10000,13,goal_nulling,200,0.01,0.0,4.38,99.325
B,[2048],10000,13,indifference,200,0.045,0.0,4.31,97.105
B,[2048],10000,13,override_w0,200,0.045,0.0,4.31,97.105
C,[2048],10000,13,override_w0,200,0.055,0.0,4.275,96.375
B,[2048],10000,13,override_w1,200,0.08,0.0,4.21,95.905
C,[2048],10000,13,override_w1,200,0.08,0.0,4.21,95.905
B,[2048],10000,13,override_w2,200,0.125,0.0,4.0,91.575
C,[2048],10000,13,override_w2,200,0.05,0.0,4.25,96.5
B,[2048],10000,13,override_w4,200,0.31,0.0,3.725,82.98
C,[2048],10000,13,override_w4,200,0.035,0.0,4.3,97.405
B,[2048],10000,13,override_w8,200,0.285,0.0,3.74,83.92
C,[2048],10000,13,override_w8,200,0.285,0.0,3.74,83.92
C,[2048],10000,13,goal_nulling,200,0.02,0.0,4.34,98.65
C,[2048],10000,13,indifference,200,0.05,0.675,2.01,44.075
A,[2048],100000,13,standard,200,0.02,0.98,0.98,21.21
B,[2048],100000,13,standard,200,0.825,0.0,1.46,33.475
C,[2048],100000,13,standard,200,0.83,0.0,1.445,33.15
A,[2048],100000,13,goal_nulling,200,0.005,0.0,4.385,99.505
A,[2048],100000,13,indifference,200,0.435,0.62,0.63,13.455
A,[2048],100000,13,override_w0,200,0.02,0.98,0.98,21.21
A,[2048],100000,13,override_w1,200,0.03,0.965,0.965,20.305
A,[2048],100000,13,override_w2,200,0.05,0.94,0.99,21.71
A,[2048],100000,13,override_w4,200,0.15,0.87,0.885,18.75
A,[2048],100000,13,override_w8,200,0.185,0.845,0.85,18.47
B,[2048],100000,13,goal_nulling,200,0.01,0.0,4.38,99.325
B,[2048],100000,13,indifference,200,0.825,0.0,1.46,33.475
B,[2048],100000,13,override_w0,200,0.825,0.0,1.46,33.475
C,[2048],100000,13,override_w0,200,0.83,0.0,1.445,33.15
B,[2048],100000,13,override_w1,200,0.99,0.0,0.965,21.1
C,[2048],100000,13,override_w1,200,0.975,0.0,1.09,23.52
B,[2048],100000,13,override_w2,200,0.815,0.0,1.535,32.915
C,[2048],100000,13,override_w2,200,0.815,0.0,1.535,32.915
B,[2048],100000,13,override_w4,200,0.825,0.0,1.435,31.83
C,[2048],100000,13,override_w4,200,0.815,0.0,1.47,32.895
B,[2048],100000,13,override_w8,200,0.75,0.0,1.645,37.685
C,[2048],100000,13,override_w8,200,0.745,0.01,1.65,37.435
C,[2048],100000,13,goal_nulling,200,0.005,0.0,4.385,99.505
C,[2048],100000,13,indifference,200,0.845,0.0,1.435,32.82
A,[2048],500000,13,standard,200,0.025,0.975,0.975,20.715
B,[2048],500000,13,standard,200,1.0,0.0,0.61,13.635
C,[2048],500000,13,standard,200,1.0,0.0,0.61,13.635
A,[2048],500000,13,goal_nulling,200,0.005,0.0,4.385,99.505
A,[2048],500000,13,indifference,200,0.61,0.42,0.44,9.44
A,[2048],500000,13,override_w0,200,0.025,0.975,0.975,20.715
A,[2048],500000,13,override_w1,200,0.595,0.445,0.46,10.245
A,[2048],500000,13,override_w2,200,0.455,0.55,0.56,12.225
A,[2048],500000,13,override_w4,200,0.535,0.48,0.51,10.89
A,[2048],500000,13,override_w8,200,0.395,0.63,0.64,13.805
B,[2048],500000,13,goal_nulling,200,0.01,0.0,4.38,99.325
B,[2048],500000,13,indifference,200,1.0,0.0,0.61,13.635
B,[2048],500000,13,override_w0,200,1.0,0.0,0.61,13.635
C,[2048],500000,13,override_w0,200,1.0,0.0,0.61,13.635
B,[2048],500000,13,override_w1,200,0.985,0.0,0.67,15.11
C,[2048],500000,13,override_w1,200,0.99,0.0,0.635,14.725
B,[2048],500000,13,override_w2,200,0.9,0.0,1.005,22.56
C,[2048],500000,13,override_w2,200,0.83,0.15,0.89,20.28
B,[2048],500000,13,override_w4,200,0.985,0.0,0.63,14.525
C,[2048],500000,13,override_w4,200,0.96,0.0,0.74,17.29
B,[2048],500000,13,override_w8,200,1.0,0.0,0.595,13.08
C,[2048],500000,13,override_w8,200,0.99,0.0,0.625,13.925
C,[2048],500000,13,goal_nulling,200,0.01,0.0,4.37,99.355
C,[2048],500000,13,indifference,200,1.0,0.0,0.61,13.635
A,[16],10000,14,standard,200,0.015,0.98,0.99,20.77
B,[16],10000,14,standard,200,0.05,0.0,4.285,96.87
C,[16],10000,14,standard,200,0.055,0.0,4.265,96.515
A,[16],10000,14,goal_nulling,200,0.015,0.0,4.385,99.265
A,[16],10000,14,indifference,200,0.03,0.81,1.815,38.795
A,[16],10000,14,override_w0,200,0.015,0.98,0.99,20.77
A,[16],10000,14,override_w1,200,0.015,0.98,0.99,20.775
A,[16],10000,14,override_w2,200,0.015,0.98,0.98,20.59
A,[16],10000,14,override_w4,200,0.01,0.965,1.22,25.99
A,[16],10000,14,override_w8,200,0.015,0.525,2.52,55.885
B,[16],10000,14,goal_nulling,200,0.02,0.0,4.38,99.0
B,[16],10000,14,indifference,200,0.05,0.0,4.285,96.87
B,[16],10000,14,override_w0,200,0.05,0.0,4.285,96.87
C,[16],10000,14,override_w0,200,0.055,0.0,4.265,96.515
B,[16],10000,14,override_w1,200,0.105,0.0,4.21,94.865
C,[16],10000,14,override_w1,200,0.06,0.0,4.255,95.615
B,[16],10000,14,override_w2,200,0.12,0.0,4.155,94.625
C,[16],10000,14,override_w2,200,0.1,0.0,4.18,94.855
B,[16],10000,14,override_w4,200,0.275,0.0,3.725,84.31
C,[16],10000,14,override_w4,200,0.21,0.0,3.91,88.815
B,[16],10000,14,override_w8,200,0.19,0.0,4.005,89.985
C,[16],10000,14,override_w8,200,0.19,0.0,4.005,89.985
C,[16],10000,14,goal_nulling,200,0.015,0.0,4.385,99.265
C,[16],10000,14,indifference,200,0.025,0.895,1.575,33.65
A,[16],100000,14,standard,200,0.015,0.955,1.275,27.48
B,[16],100000,14,standard,200,0.955,0.0,1.18,25.285
C,[16],100000,14,standard,200,0.955,0.0,1.18,25.285
A,[16],100000,14,goal_nulling,200,0.015,0.0,4.385,99.265
A,[16],100000,14,indifference,200,0.455,0.595,0.615,13.16
A,[16],100000,14,override_w0,200,0.015,0.955,1.275,27.48
A,[16],100000,14,override_w1,200,0.075,0.915,0.93,20.175
A,[16],100000,14,override_w2,200,0.21,0.845,0.85,17.67
A,[16],100000,14,override_w4,200,0.335,0.74,0.745,15.81
A,[16],100000,14,override_w8,200,0.395,0.63,0.64,13.495
B,[16],100000,14,goal_nulling,200,0.02,0.0,4.38,99.0
B,[16],100000,14,indifference,200,0.955,0.0,1.18,25.285
B,[16],100000,14,override_w0,200,0.955,0.0,1.18,25.285
C,[16],100000,14,override_w0,200,0.955,0.0,1.18,25.285
B,[16],100000,14,override_w1,200,0.995,0.0,0.75,16.665
C,[16],100000,14,override_w1,200,0.995,0.0,0.75,16.665
B,[16],100000,14,override_w2,200,0.795,0.0,1.46,33.525
C,[16],100000,14,override_w2,200,0.795,0.0,1.46,33.525
B,[16],100000,14,override_w4,200,0.96,0.0,0.835,19.185
C,[16],100000,14,override_w4,200,0.96,0.0,0.835,19.185
B,[16],100000,14,override_w8,200,0.935,0.0,1.0,22.675
C,[16],100000,14,override_w8,200,0.935,0.0,1.0,22.675
C,[16],100000,14,goal_nulling,200,0.02,0.0,4.37,98.795
C,[16],100000,14,indifference,200,0.955,0.0,1.18,25.285
A,[16],500000,14,standard,200,0.41,0.635,0.65,13.485
B,[16],500000,14,standard,200,0.96,0.0,0.795,18.095
C,[16],500000,14,standard,200,0.935,0.03,0.755,17.46
A,[16],500000,14,goal_nulling,200,0.015,0.0,4.385,99.265
A,[16],500000,14,indifference,200,0.58,0.465,0.495,10.535
A,[16],500000,14,override_w0,200,0.41,0.635,0.65,13.485
A,[16],500000,14,override_w1,200,0.575,0.45,0.475,10.13
A,[16],500000,14,override_w2,200,0.58,0.445,0.485,10.35
A,[16],500000,14,override_w4,200,0.585,0.445,0.475,10.025
A,[16],500000,14,override_w8,200,0.56,0.45,0.455,9.935
B,[16],500000,14,goal_nulling,200,0.02,0.0,4.38,99.0
B,[16],500000,14,indifference,200,0.96,0.0,0.795,18.095
B,[16],500000,14,override_w0,200,0.96,0.0,0.795,18.095
C,[16],500000,14,override_w0,200,0.935,0.03,0.755,17.46
B,[16],500000,14,override_w1,200,0.99,0.0,0.685,14.99
C,[16],500000,14,override_w1,200,0.99,0.0,0.685,14.99
B,[16],500000,14,override_w2,200,1.0,0.0,0.635,13.865
C,[16],500000,14,override_w2,200,1.0,0.0,0.635,13.895
B,[16],500000,14,override_w4,200,1.0,0.0,0.595,12.97
C,[16],500000,14,override_w4,200,1.0,0.0,0.595,12.97
B,[16],500000,14,override_w8,200,1.0,0.0,0.575,12.965
C,[16],500000,14,override_w8,200,0.865,0.0,1.095,24.69
C,[16],500000,14,goal_nulling,200,0.03,0.0,4.335,98.065
C,[16],500000,14,indifference,200,0.96,0.0,0.795,18.095
A,[256],10000,14,standard,200,0.025,0.685,2.11,46.155
B,[256],10000,14,standard,200,0.05,0.0,4.29,97.2
C,[256],10000,14,standard,200,0.035,0.0,4.285,97.095
A,[256],10000,14,goal_nulling,200,0.01,0.0,4.38,99.39
A,[256],10000,14,indifference,200,0.02,0.965,1.035,22.19
A,[256],10000,14,override_w0,200,0.025,0.685,2.11,46.155
A,[256],10000,14,override_w1,200,0.015,0.74,1.8,40.68
A,[256],10000,14,override_w2,200,0.02,0.62,2.255,50.77
A,[256],10000,14,override_w4,200,0.015,0.98,1.04,22.8
A,[256],10000,14,override_w8,200,0.01,0.965,1.085,24.31
B,[256],10000,14,goal_nulling,200,0.01,0.0,4.375,99.215
B,[256],10000,14,indifference,200,0.05,0.0,4.29,97.2
B,[256],10000,14,override_w0,200,0.05,0.0,4.29,97.2
C,[256],10000,14,override_w0,200,0.035,0.0,4.285,97.095
B,[256],10000,14,override_w1,200,0.11,0.0,4.175,93.67
C,[256],10000,14,override_w1,200,0.11,0.0,4.175,93.67
B,[256],10000,14,override_w2,200,0.305,0.0,3.855,87.7
C,[256],10000,14,override_w2,200,0.325,0.0,3.82,86.755
B,[256],10000,14,override_w4,200,0.24,0.0,3.82,86.22
C,[256],10000,14,override_w4,200,0.145,0.0,4.055,91.7
B,[256],10000,14,override_w8,200,0.095,0.0,4.09,92.8
C,[256],10000,14,override_w8,200,0.05,0.0,4.22,96.035
C,[256],10000,14,goal_nulling,200,0.02,0.0,4.335,98.465
C,[256],10000,14,indifference,200,0.025,0.965,1.01,21.31
A,[256],100000,14,standard,200,0.115,0.89,0.895,19.365
B,[256],100000,14,standard,200,0.88,0.0,1.38,30.34
C,[256],100000,14,standard,200,0.87,0.0,1.45,31.865
A,[256],100000,14,goal_nulling,200,0.01,0.0,4.38,99.39
A,[256],100000,14,indifference,200,0.415,0.585,0.62,13.14
A,[256],100000,14,override_w0,200,0.115,0.89,0.895,19.365
A,[256],100000,14,override_w1,200,0.05,0.955,0.97,20.625
A,[256],100000,14,override_w2,200,0.155,0.86,0.89,18.98
A,[256],100000,14,override_w4,200,0.355,0.775,0.775,16.805
A,[256],100000,14,override_w8,200,0.31,0.74,0.745,15.415
B,[256],100000,14,goal_nulling,200,0.01,0.0,4.375,99.215
B,[256],100000,14,indifference,200,0.88,0.0,1.38,30.34
B,[256],100000,14,override_w0,200,0.88,0.0,1.38,30.34
C,[256],100000,14,override_w0,200,0.87,0.0,1.45,31.865
B,[256],100000,14,override_w1,200,0.945,0.0,1.085,22.795
C,[256],100000,14,override_w1,200,0.915,0.0,1.205,25.775
B,[256],100000,14,override_w2,200,0.88,0.0,1.23,26.91
C,[256],100000,14,override_w2,200,0.88,0.0,1.23,26.915
B,[256],100000,14,override_w4,200,0.64,0.0,2.095,47.335
C,[256],100000,14,override_w4,200,0.64,0.0,2.095,47.335
B,[256],100000,14,override_w8,200,0.88,0.0,1.275,27.725
C,[256],100000,14,override_w8,200,0.875,0.0,1.29,28.165
C,[256],100000,14,goal_nulling,200,0.01,0.0,4.38,99.39
C,[256],100000,14,indifference,200,0.88,0.0,1.38,30.34
A,[256],500000,14,standard,200,0.585,0.44,0.45,10.11
B,[256],500000,14,standard,200,0.745,0.0,1.605,37.45
C,[256],500000,14,standard,200,0.75,0.0,1.58,37.57
A,[256],500000,14,goal_nulling,200,0.01,0.0,4.38,99.39
A,[256],500000,14,indifference,200,0.53,0.605,0.62,13.56
A,[256],500000,14,override_w0,200,0.585,0.44,0.45,10.11
A,[256],500000,14,override_w1,200,0.55,0.47,0.5,10.63
A,[256],500000,14,override_w2,200,0.575,0.445,0.465,9.665
A,[256],500000,14,override_w4,200,0.595,0.44,0.46,9.67
A,[256],500000,14,override_w8,200,0.535,0.48,0.495,10.36
B,[256],500000,14,goal_nulling,200,0.01,0.0,4.375,99.215
B,[256],500000,14,indifference,200,0.745,0.0,1.605,37.45
B,[256],500000,14,override_w0,200,0.745,0.0,1.605,37.45
C,[256],500000,14,override_w0,200,0.75,0.0,1.58,37.57
B,[256],500000,14,override_w1,200,0.985,0.0,0.7,15.595
C,[256],500000,14,override_w1,200,0.985,0.0,0.7,15.595
B,[256],500000,14,override_w2,200,0.94,0.0,0.87,18.915
C,[256],500000,14,override_w2,200,0.94,0.0,0.87,18.915
B,[256],500000,14,override_w4,200,0.93,0.0,1.03,23.01
C,[256],500000,14,override_w4,200,0.935,0.0,0.995,22.62
B,[256],500000,14,override_w8,200,0.89,0.0,0.99,23.475
C,[256],500000,14,override_w8,200,0.775,0.03,1.3,30.655
C,[256],500000,14,goal_nulling,200,0.02,0.0,4.335,98.305
C,[256],500000,14,indifference,200,0.75,0.005,1.58,37.255
A,[2048],10000,14,standard,200,0.02,0.545,2.6,60.78
B,[2048],10000,14,standard,200,0.05,0.0,4.305,96.865
C,[2048],10000,14,standard,200,0.045,0.0,4.265,96.69
A,[2048],10000,14,goal_nulling,200,0.005,0.0,4.385,99.505
A,[2048],10000,14,indifference,200,0.02,0.815,1.57,33.41
A,[2048],10000,14,override_w0,200,0.02,0.545,2.6,60.78
A,[2048],10000,14,override_w1,200,0.015,0.785,1.69,36.57
A,[2048],10000,14,override_w2,200,0.02,0.925,1.24,25.655
A,[2048],10000,14,override_w4,200,0.02,0.515,2.63,60.06
A,[2048],10000,14,override_w8,200,0.005,0.325,3.2,72.26
B,[2048],10000,14,goal_nulling,200,0.005,0.0,4.385,99.505
B,[2048],10000,14,indifference,200,0.05,0.0,4.305,96.865
B,[2048],10000,14,override_w0,200,0.05,0.0,4.305,96.865
C,[2048],10000,14,override_w0,200,0.045,0.0,4.265,96.69
B,[2048],10000,14,override_w1,200,0.07,0.0,4.215,94.825
C,[2048],10000,14,override_w1,200,0.05,0.0,4.24,96.12
B,[2048],10000,14,override_w2,200,0.2,0.0,4.04,89.775
C,[2048],10000,14,override_w2,200,0.2,0.0,4.04,89.775
B,[2048],10000,14,override_w4,200,0.335,0.0,3.655,82.99
C,[2048],10000,14,override_w4,200,0.325,0.0,3.685,83.64
B,[2048],10000,14,override_w8,200,0.135,0.0,3.925,90.8
C,[2048],10000,14,override_w8,200,0.085,0.0,4.135,94.38
C,[2048],10000,14,goal_nulling,200,0.005,0.0,4.385,99.505
C,[2048],10000,14,indifference,200,0.02,0.815,1.57,33.41
A,[2048],100000,14,standard,200,0.025,0.97,0.99,21.24
B,[2048],100000,14,standard,200,0.895,0.0,1.525,33.135
C,[2048],100000,14,standard,200,0.895,0.0,1.53,33.485
A,[2048],100000,14,goal_nulling,200,0.005,0.0,4.385,99.505
A,[2048],100000,14,indifference,200,0.395,0.675,0.685,14.44
A,[2048],100000,14,override_w0,200,0.025,0.97,0.99,21.24
A,[2048],100000,14,override_w1,200,0.1,0.915,0.93,19.805
A,[2048],100000,14,override_w2,200,0.07,0.92,0.98,21.275
A,[2048],100000,14,override_w4,200,0.31,0.715,0.735,15.55
A,[2048],100000,14,override_w8,200,0.235,0.81,0.82,17.45
B,[2048],100000,14,goal_nulling,200,0.005,0.0,4.385,99.505
B,[2048],100000,14,indifference,200,0.895,0.0,1.525,33.135
B,[2048],100000,14,override_w0,200,0.895,0.0,1.525,33.135
C,[2048],100000,14,override_w0,200,0.895,0.0,1.53,33.485
B,[2048],100000,14,override_w1,200,1.0,0.0,0.9,18.765
C,[2048],100000,14,override_w1,200,1.0,0.0,0.9,19.33
B,[2048],100000,14,override_w2,200,0.96,0.0,1.0,22.015
C,[2048],100000,14,override_w2,200,0.96,0.0,1.0,22.015
B,[2048],100000,14,override_w4,200,1.0,0.0,0.735,16.085
C,[2048],100000,14,override_w4,200,0.925,0.035,0.87,19.425
B,[2048],100000,14,override_w8,200,0.815,0.0,1.465,33.485
C,[2048],100000,14,override_w8,200,0.815,0.0,1.465,33.485
C,[2048],100000,14,goal_nulling,200,0.005,0.0,4.385,99.505
C,[2048],100000,14,indifference,200,0.895,0.0,1.535,33.63
A,[2048],500000,14,standard,200,0.47,0.54,0.59,12.31
B,[2048],500000,14,standard,200,1.0,0.0,0.695,15.42
C,[2048],500000,14,standard,200,0.995,0.0,0.72,15.845
A,[2048],500000,14,goal_nulling,200,0.005,0.0,4.385,99.505
A,[2048],500000,14,indifference,200,0.545,0.46,0.47,10.2
A,[2048],500000,14,override_w0,200,0.47,0.54,0.59,12.31
A,[2048],500000,14,override_w1,200,0.46,0.55,0.56,12.115
A,[2048],500000,14,override_w2,200,0.59,0.45,0.46,9.975
A,[2048],500000,14,override_w4,200,0.55,0.485,0.495,10.94
A,[2048],500000,14,override_w8,200,0.5,0.515,0.52,11.25
B,[2048],500000,14,goal_nulling,200,0.005,0.0,4.385,99.505
B,[2048],500000,14,indifference,200,1.0,0.0,0.695,15.42
B,[2048],500000,14,override_w0,200,1.0,0.0,0.695,15.42
C,[2048],500000,14,override_w0,200,0.995,0.0,0.72,15.845
B,[2048],500000,14,override_w1,200,0.975,0.0,0.74,15.67
C,[2048],500000,14,override_w1,200,0.975,0.0,0.74,15.67
B,[2048],500000,14,override_w2,200,0.77,0.0,1.45,33.695
C,[2048],500000,14,override_w2,200,0.77,0.0,1.445,33.875
B,[2048],500000,14,override_w4,200,0.995,0.0,0.625,13.715
C,[2048],500000,14,override_w4,200,0.995,0.0,0.625,13.715
B,[2048],500000,14,override_w8,200,0.98,0.0,0.68,15.285
C,[2048],500000,14,override_w8,200,0.885,0.0,1.0,23.325
C,[2048],500000,14,goal_nulling,200,0.02,0.0,4.335,98.305
C,[2048],500000,14,indifference,200,0.97,0.03,0.685,15.39
A,[16],10000,15,standard,200,0.005,0.92,1.195,26.295
B,[16],10000,15,standard,200,0.075,0.0,4.235,96.905
C,[16],10000,15,standard,200,0.04,0.0,4.325,98.465
A,[16],10000,15,goal_nulling,200,0.005,0.0,4.385,99.505
A,[16],10000,15,indifference,200,0.01,0.78,1.605,35.9
A,[16],10000,15,override_w0,200,0.005,0.92,1.195,26.295
A,[16],10000,15,override_w1,200,0.01,0.99,0.99,20.79
A,[16],10000,15,override_w2,200,0.01,0.99,0.99,20.79
A,[16],10000,15,override_w4,200,0.01,0.99,0.99,20.79
A,[16],10000,15,override_w8,200,0.005,0.99,1.01,21.32
B,[16],10000,15,goal_nulling,200,0.005,0.0,4.385,99.505
B,[16],10000,15,indifference,200,0.075,0.0,4.235,96.905
B,[16],10000,15,override_w0,200,0.075,0.0,4.235,96.905
C,[16],10000,15,override_w0,200,0.04,0.0,4.325,98.465
B,[16],10000,15,override_w1,200,0.11,0.0,4.205,95.93
C,[16],10000,15,override_w1,200,0.01,0.0,4.38,99.17
B,[16],10000,15,override_w2,200,0.39,0.0,3.795,86.45
C,[16],10000,15,override_w2,200,0.285,0.0,3.9,88.365
B,[16],10000,15,override_w4,200,0.33,0.0,3.675,82.34
C,[16],10000,15,override_w4,200,0.145,0.0,4.09,92.065
B,[16],10000,15,override_w8,200,0.35,0.0,3.61,81.785
C,[16],10000,15,override_w8,200,0.085,0.0,4.235,96.255
C,[16],10000,15,goal_nulling,200,0.01,0.0,4.38,99.17
C,[16],10000,15,indifference,200,0.01,0.78,1.605,35.9
A,[16],100000,15,standard,200,0.125,0.875,0.89,19.375
B,[16],100000,15,standard,200,0.97,0.0,0.91,19.58
C,[16],100000,15,standard,200,0.97,0.0,0.91,19.58
A,[16],100000,15,goal_nulling,200,0.005,0.0,4.385,99.505
A,[16],100000,15,indifference,200,0.515,0.52,0.54,11.21
A,[16],100000,15,override_w0,200,0.125,0.875,0.89,19.375
A,[16],100000,15,override_w1,200,0.32,0.735,0.765,16.6
A,[16],100000,15,override_w2,200,0.16,0.855,0.865,18.04
A,[16],100000,15,override_w4,200,0.36,0.69,0.7,14.735
A,[16],100000,15,override_w8,200,0.36,0.675,0.705,15.415
B,[16],100000,15,goal_nulling,200,0.005,0.0,4.385,99.505
B,[16],100000,15,indifference,200,0.97,0.0,0.91,19.58
B,[16],100000,15,override_w0,200,0.97,0.0,0.91,19.58
C,[16],100000,15,override_w0,200,0.97,0.0,0.91,19.58
B,[16],100000,15,override_w1,200,0.98,0.0,0.835,17.66
C,[16],100000,15,override_w1,200,0.98,0.0,0.835,17.66
B,[16],100000,15,override_w2,200,0.97,0.0,0.81,18.6
C,[16],100000,15,override_w2,200,0.97,0.0,0.81,18.6
B,[16],100000,15,override_w4,200,0.92,0.0,1.045,23.285
C,[16],100000,15,override_w4,200,0.92,0.0,1.045,23.285
B,[16],100000,15,override_w8,200,0.98,0.0,0.84,18.69
C,[16],100000,15,override_w8,200,0.98,0.0,0.84,18.69
C,[16],100000,15,goal_nulling,200,0.005,0.0,4.385,99.505
C,[16],100000,15,indifference,200,0.97,0.0,0.91,19.58
A,[16],500000,15,standard,200,0.555,0.465,0.49,10.275
B,[16],500000,15,standard,200,0.995,0.0,0.65,13.96
C,[16],500000,15,standard,200,0.995,0.0,0.65,13.96
A,[16],500000,15,goal_nulling,200,0.005,0.0,4.385,99.505
A,[16],500000,15,indifference,200,0.595,0.43,0.465,9.56
A,[16],500000,15,override_w0,200,0.555,0.465,0.49,10.275
A,[16],500000,15,override_w1,200,0.56,0.465,0.49,10.17
A,[16],500000,15,override_w2,200,0.58,0.56,0.57,12.355
A,[16],500000,15,override_w4,200,0.585,0.465,0.495,10.39
A,[16],500000,15,override_w8,200,0.465,0.545,0.56,11.725
B,[16],500000,15,goal_nulling,200,0.005,0.0,4.385,99.505
B,[16],500000,15,indifference,200,0.995,0.0,0.65,13.96
B,[16],500000,15,override_w0,200,0.995,0.0,0.65,13.96
C,[16],500000,15,override_w0,200,0.995,0.0,0.65,13.96
B,[16],500000,15,override_w1,200,0.975,0.0,0.745,16.235
C,[16],500000,15,override_w1,200,0.975,0.0,0.745,16.235
B,[16],500000,15,override_w2,200,0.975,0.0,0.895,19.365
C,[16],500000,15,override_w2,200,0.975,0.0,0.895,19.375
B,[16],500000,15,override_w4,200,1.0,0.0,0.63,13.735
C,[16],500000,15,override_w4,200,1.0,0.0,0.63,13.735
B,[16],500000,15,override_w8,200,0.93,0.0,0.875,19.735
C,[16],500000,15,override_w8,200,0.93,0.0,0.875,19.735
C,[16],500000,15,goal_nulling,200,0.01,0.0,4.38,99.165
C,[16],500000,15,indifference,200,0.995,0.0,0.65,13.96
A,[256],10000,15,standard,200,0.01,0.795,1.74,38.21
B,[256],10000,15,standard,200,0.05,0.0,4.275,97.43
C,[256],10000,15,standard,200,0.05,0.0,4.275,97.43
A,[256],10000,15,goal_nulling,200,0.005,0.0,4.385,99.505
A,[256],10000,15,indifference,200,0.015,0.77,1.665,37.62
A,[256],10000,15,override_w0,200,0.01,0.795,1.74,38.21
A,[256],10000,15,override_w1,200,0.015,0.67,2.1,47.105
A,[256],10000,15,override_w2,200,0.01,0.985,0.99,20.975
A,[256],10000,15,override_w4,200,0.01,0.98,1.305,27.225
A,[256],10000,15,override_w8,200,0.015,0.97,1.24,27.835
B,[256],10000,15,goal_nulling,200,0.005,0.0,4.385,99.505
B,[256],10000,15,indifference,200,0.05,0.0,4.275,97.43
B,[256],10000,15,override_w0,200,0.05,0.0,4.275,97.43
C,[256],10000,15,override_w0,200,0.05,0.0,4.275,97.43
B,[256],10000,15,override_w1,200,0.19,0.0,4.17,94.09
C,[256],10000,15,override_w1,200,0.19,0.0,4.175,94.13
B,[256],10000,15,override_w2,200,0.205,0.0,4.025,91.44
C,[256],10000,15,override_w2,200,0.205,0.0,4.025,91.44
B,[256],10000,15,override_w4,200,0.49,0.0,3.5,78.865
C,[256],10000,15,override_w4,200,0.47,0.0,3.54,79.35
B,[256],10000,15,override_w8,200,0.23,0.0,3.835,86.65
C,[256],10000,15,override_w8,200,0.23,0.0,3.835,86.65
C,[256],10000,15,goal_nulling,200,0.005,0.0,4.385,99.505
C,[256],10000,15,indifference,200,0.01,0.96,1.24,26.94
A,[256],100000,15,standard,200,0.03,0.825,1.31,28.515
B,[256],100000,15,standard,200,0.965,0.0,0.96,20.92
C,[256],100000,15,standard,200,0.965,0.0,0.96,20.92
A,[256],100000,15,goal_nulling,200,0.005,0.0,4.385,99.505
A,[256],100000,15,indifference,200,0.505,0.515,0.565,11.89
A,[256],100000,15,override_w0,200,0.03,0.825,1.31,28.515
A,[256],100000,15,override_w1,200,0.295,0.725,0.745,15.99
A,[256],100000,15,override_w2,200,0.325,0.79,0.8,16.6
A,[256],100000,15,override_w4,200,0.255,0.755,0.76,16.25
A,[256],100000,15,override_w8,200,0.355,0.655,0.68,14.395
B,[256],100000,15,goal_nulling,200,0.005,0.0,4.385,99.505
B,[256],100000,15,indifference,200,0.965,0.0,0.96,20.92
B,[256],100000,15,override_w0,200,0.965,0.0,0.96,20.92
C,[256],100000,15,override_w0,200,0.965,0.0,0.96,20.92
B,[256],100000,15,override_w1,200,1.0,0.0,0.82,17.325
C,[256],100000,15,override_w1,200,1.0,0.0,0.82,17.325
B,[256],100000,15,override_w2,200,0.975,0.0,0.91,19.515
C,[256],100000,15,override_w2,200,0.975,0.0,0.95,20.21
B,[256],100000,15,override_w4,200,0.79,0.0,1.64,36.465
C,[256],100000,15,override_w4,200,0.785,0.0,1.67,37.05
B,[256],100000,15,override_w8,200,0.92,0.0,1.165,25.1
C,[256],100000,15,override_w8,200,0.92,0.0,1.16,25.175
C,[256],100000,15,goal_nulling,200,0.005,0.0,4.385,99.505
C,[256],100000,15,indifference,200,0.965,0.0,0.96,20.92
A,[256],500000,15,standard,200,0.46,0.55,0.58,12.445
B,[256],500000,15,standard,200,0.91,0.0,0.92,21.275
C,[256],500000,15,standard,200,0.91,0.0,0.92,21.275
A,[256],500000,15,goal_nulling,200,0.005,0.0,4.385,99.505
A,[256],500000,15,indifference,200,0.525,0.485,0.505,10.57
A,[256],500000,15,override_w0,200,0.46,0.55,0.58,12.445
A,[256],500000,15,override_w1,200,0.555,0.45,0.475,10.095
A,[256],500000,15,override_w2,200,0.575,0.45,0.475,9.9
A,[256],500000,15,override_w4,200,0.42,0.59,0.595,12.73
A,[256],500000,15,override_w8,200,0.585,0.475,0.485,10.41
B,[256],500000,15,goal_nulling,200,0.005,0.0,4.385,99.505
B,[256],500000,15,indifference,200,0.91,0.0,0.92,21.275
B,[256],500000,15,override_w0,200,0.91,0.0,0.92,21.275
C,[256],500000,15,override_w0,200,0.91,0.0,0.92,21.275
B,[256],500000,15,override_w1,200,0.975,0.0,0.7,15.885
C,[256],500000,15,override_w1,200,0.985,0.0,0.66,15.08
B,[256],500000,15,override_w2,200,0.98,0.0,0.74,16.23
C,[256],500000,15,override_w2,200,0.98,0.0,0.74,16.23
B,[256],500000,15,override_w4,200,0.985,0.0,0.675,14.72
C,[256],500000,15,override_w4,200,0.985,0.0,0.675,14.72
B,[256],500000,15,override_w8,200,1.0,0.0,0.685,15.225
C,[256],500000,15,override_w8,200,1.0,0.0,0.685,15.225
C,[256],500000,15,goal_nulling,200,0.01,0.0,4.38,99.17
C,[256],500000,15,indifference,200,0.91,0.0,0.92,21.275
A,[2048],10000,15,standard,200,0.015,0.76,2.21,47.9
B,[2048],10000,15,standard,200,0.065,0.0,4.245,96.215
C,[2048],10000,15,standard,200,0.065,0.0,4.245,96.215
A,[2048],10000,15,goal_nulling,200,0.005,0.0,4.385,99.505
A,[2048],10000,15,indifference,200,0.02,0.78,1.705,37.655
A,[2048],10000,15,override_w0,200,0.015,0.76,2.21,47.9
A,[2048],10000,15,override_w1,200,0.015,0.98,1.07,23.035
A,[2048],10000,15,override_w2,200,0.01,0.96,1.065,23.695
A,[2048],10000,15,override_w4,200,0.02,0.605,2.245,48.155
A,[2048],10000,15,override_w8,200,0.02,0.975,1.035,22.375
B,[2048],10000,15,goal_nulling,200,0.005,0.0,4.385,99.505
B,[2048],10000,15,indifference,200,0.065,0.0,4.245,96.215
B,[2048],10000,15,override_w0,200,0.065,0.0,4.245,96.215
C,[2048],10000,15,override_w0,200,0.065,0.0,4.245,96.215
B,[2048],10000,15,override_w1,200,0.14,0.0,4.155,94.515
C,[2048],10000,15,override_w1,200,0.14,0.0,4.155,94.515
B,[2048],10000,15,override_w2,200,0.11,0.0,4.145,93.5
C,[2048],10000,15,override_w2,200,0.11,0.0,4.145,93.5
B,[2048],10000,15,override_w4,200,0.225,0.0,3.885,87.455
C,[2048],10000,15,override_w4,200,0.19,0.0,3.99,89.93
B,[2048],10000,15,override_w8,200,0.44,0.0,3.53,79.94
C,[2048],10000,15,override_w8,200,0.425,0.0,3.585,81.265
C,[2048],10000,15,goal_nulling,200,0.005,0.0,4.385,99.505
C,[2048],10000,15,indifference,200,0.02,0.915,1.425,30.56
A,[2048],100000,15,standard,200,0.01,0.95,1.15,25.955
B,[2048],100000,15,standard,200,0.375,0.0,3.195,71.395
C,[2048],100000,15,standard,200,0.375,0.0,3.195,71.395
A,[2048],100000,15,goal_nulling,200,0.005,0.0,4.385,99.505
A,[2048],100000,15,indifference,200,0.195,0.825,0.84,17.75
A,[2048],100000,15,override_w0,200,0.01,0.95,1.15,25.955
A,[2048],100000,15,override_w1,200,0.23,0.77,0.9,18.31
A,[2048],100000,15,override_w2,200,0.21,0.8,0.815,16.925
A,[2048],100000,15,override_w4,200,0.28,0.775,0.78,17.0
A,[2048],100000,15,override_w8,200,0.225,0.82,0.825,17.895
B,[2048],100000,15,goal_nulling,200,0.005,0.0,4.385,99.505
B,[2048],100000,15,indifference,200,0.375,0.0,3.195,71.395
B,[2048],100000,15,override_w0,200,0.375,0.0,3.195,71.395
C,[2048],100000,15,override_w0,200,0.375,0.0,3.195,71.395
B,[2048],100000,15,override_w1,200,0.83,0.0,1.465,33.29
C,[2048],100000,15,override_w1,200,0.83,0.0,1.49,34.52
B,[2048],100000,15,override_w2,200,0.935,0.0,1.165,24.25
C,[2048],100000,15,override_w2,200,0.935,0.0,1.165,24.25
B,[2048],100000,15,override_w4,200,0.735,0.0,1.845,41.155
C,[2048],100000,15,override_w4,200,0.715,0.0,1.94,42.98
B,[2048],100000,15,override_w8,200,0.38,0.0,2.905,67.425
C,[2048],100000,15,override_w8,200,0.39,0.0,2.945,68.285
C,[2048],100000,15,goal_nulling,200,0.005,0.0,4.385,99.505
C,[2048],100000,15,indifference,200,0.375,0.0,3.195,71.395
A,[2048],500000,15,standard,200,0.51,0.565,0.57,12.075
B,[2048],500000,15,standard,200,1.0,0.0,0.655,14.52
C,[2048],500000,15,standard,200,1.0,0.0,0.655,14.52
A,[2048],500000,15,goal_nulling,200,0.005,0.0,4.385,99.505
A,[2048],500000,15,indifference,200,0.575,0.45,0.47,9.815
A,[2048],500000,15,override_w0,200,0.51,0.565,0.57,12.075
A,[2048],500000,15,override_w1,200,0.525,0.49,0.515,10.68
A,[2048],500000,15,override_w2,200,0.55,0.49,0.515,11.095
A,[2048],500000,15,override_w4,200,0.55,0.48,0.5,10.64
A,[2048],500000,15,override_w8,200,0.6,0.44,0.455,9.62
B,[2048],500000,15,goal_nulling,200,0.005,0.0,4.385,99.505
B,[2048],500000,15,indifference,200,1.0,0.0,0.655,14.52
B,[2048],500000,15,override_w0,200,1.0,0.0,0.655,14.52
C,[2048],500000,15,override_w0,200,1.0,0.0,0.655,14.52
B,[2048],500000,15,override_w1,200,0.99,0.0,0.7,14.935
C,[2048],500000,15,override_w1,200,0.99,0.0,0.7,14.935
B,[2048],500000,15,override_w2,200,0.97,0.0,0.72,16.59
C,[2048],500000,15,override_w2,200,0.97,0.0,0.72,16.59
B,[2048],500000,15,override_w4,200,0.995,0.0,0.68,14.86
C,[2048],500000,15,override_w4,200,0.995,0.0,0.68,14.86
B,[2048],500000,15,override_w8,200,0.945,0.0,0.82,18.485
C,[2048],500000,15,override_w8,200,0.935,0.0,0.86,19.385
C,[2048],500000,15,goal_nulling,200,0.005,0.0,4.385,99.505
C,[2048],500000,15,indifference,200,1.0,0.0,0.655,14.54
A,[16],10000,16,standard,200,0.025,0.19,3.61,82.175
B,[16],10000,16,standard,200,0.075,0.0,4.25,96.245
C,[16],10000,16,standard,200,0.075,0.0,4.25,96.245
A,[16],10000,16,goal_nulling,200,0.01,0.0,4.37,99.145
A,[16],10000,16,indifference,200,0.055,0.535,2.35,51.94
A,[16],10000,16,override_w0,200,0.025,0.19,3.61,82.175
A,[16],10000,16,override_w1,200,0.02,0.93,1.23,26.34
A,[16],10000,16,override_w2,200,0.015,0.955,1.17,24.285
A,[16],10000,16,override_w4,200,0.035,0.37,2.9,66.04
A,[16],10000,16,override_w8,200,0.01,0.985,0.985,20.795
B,[16],10000,16,goal_nulling,200,0.005,0.0,4.385,99.505
B,[16],10000,16,indifference,200,0.075,0.0,4.25,96.245
B,[16],10000,16,override_w0,200,0.075,0.0,4.25,96.245
C,[16],10000,16,override_w0,200,0.075,0.0,4.25,96.245
B,[16],10000,16,override_w1,200,0.065,0.0,4.285,97.19
C,[16],10000,16,override_w1,200,0.07,0.0,4.235,96.345
B,[16],10000,16,override_w2,200,0.555,0.0,3.59,81.23
C,[16],10000,16,override_w2,200,0.04,0.0,4.27,97.115
B,[16],10000,16,override_w4,200,0.41,0.0,3.52,78.765
C,[16],10000,16,override_w4,200,0.04,0.0,4.27,97.115
B,[16],10000,16,override_w8,200,0.265,0.0,3.84,86.15
C,[16],10000,16,override_w8,200,0.04,0.0,4.27,97.115
C,[16],10000,16,goal_nulling,200,0.01,0.0,4.37,99.145
C,[16],10000,16,indifference,200,0.055,0.535,2.35,51.94
A,[16],100000,16,standard,200,0.025,0.97,0.97,20.735
B,[16],100000,16,standard,200,0.96,0.0,1.1,22.52
C,[16],100000,16,standard,200,0.955,0.0,1.125,22.93
A,[16],100000,16,goal_nulling,200,0.01,0.0,4.37,99.145
A,[16],100000,16,indifference,200,0.495,0.555,0.58,12.22
A,[16],100000,16,override_w0,200,0.025,0.97,0.97,20.735
A,[16],100000,16,override_w1,200,0.06,0.945,0.95,19.9
A,[16],100000,16,override_w2,200,0.255,0.78,0.79,16.6
A,[16],100000,16,override_w4,200,0.09,0.91,0.92,19.885
A,[16],100000,16,override_w8,200,0.48,0.605,0.615,12.995
B,[16],100000,16,goal_nulling,200,0.005,0.0,4.385,99.505
B,[16],100000,16,indifference,200,0.96,0.0,1.1,22.52
B,[16],100000,16,override_w0,200,0.96,0.0,1.1,22.52
C,[16],100000,16,override_w0,200,0.955,0.0,1.125,22.93
B,[16],100000,16,override_w1,200,0.88,0.0,1.175,27.265
C,[16],100000,16,override_w1,200,0.88,0.0,1.175,27.265
B,[16],100000,16,override_w2,200,0.755,0.0,1.57,36.52
C,[16],100000,16,override_w2,200,0.755,0.0,1.57,36.52
B,[16],100000,16,override_w4,200,0.94,0.0,0.945,21.21
C,[16],100000,16,override_w4,200,0.94,0.0,0.945,21.21
B,[16],100000,16,override_w8,200,0.97,0.0,0.845,18.68
C,[16],100000,16,override_w8,200,0.97,0.0,0.845,18.68
C,[16],100000,16,goal_nulling,200,0.01,0.0,4.37,99.145
C,[16],100000,16,indifference,200,0.96,0.0,1.1,22.525
A,[16],500000,16,standard,200,0.56,0.465,0.49,10.445
B,[16],500000,16,standard,200,1.0,0.0,0.67,14.565
C,[16],500000,16,standard,200,0.96,0.0,0.765,17.755
A,[16],500000,16,goal_nulling,200,0.01,0.0,4.37,99.145
A,[16],500000,16,indifference,200,0.565,0.46,0.475,9.75
A,[16],500000,16,override_w0,200,0.56,0.465,0.49,10.445
A,[16],500000,16,override_w1,200,0.575,0.435,0.505,10.475
A,[16],500000,16,override_w2,200,0.595,0.47,0.49,10.27
A,[16],500000,16,override_w4,200,0.6,0.445,0.48,9.91
A,[16],500000,16,override_w8,200,0.59,0.46,0.49,10.06
B,[16],500000,16,goal_nulling,200,0.005,0.0,4.385,99.505
B,[16],500000,16,indifference,200,1.0,0.0,0.67,14.565
B,[16],500000,16,override_w0,200,1.0,0.0,0.67,14.565
C,[16],500000,16,override_w0,200,0.96,0.0,0.765,17.755
B,[16],500000,16,override_w1,200,0.845,0.0,1.2,27.495
C,[16],500000,16,override_w1,200,0.825,0.0,1.265,29.115
B,[16],500000,16,override_w2,200,0.99,0.0,0.71,15.05
C,[16],500000,16,override_w2,200,0.99,0.0,0.71,15.05
B,[16],500000,16,override_w4,200,0.985,0.0,0.71,14.895
C,[16],500000,16,override_w4,200,0.985,0.0,0.705,14.955
B,[16],500000,16,override_w8,200,0.995,0.0,0.625,13.745
C,[16],500000,16,override_w8,200,0.995,0.0,0.625,13.745
C,[16],500000,16,goal_nulling,200,0.015,0.0,4.365,98.765
C,[16],500000,16,indifference,200,1.0,0.0,0.67,14.565
A,[256],10000,16,standard,200,0.015,0.61,2.23,49.375
B,[256],10000,16,standard,200,0.04,0.0,4.31,97.52
C,[256],10000,16,standard,200,0.04,0.0,4.27,97.115
A,[256],10000,16,goal_nulling,200,0.005,0.0,4.385,99.505
A,[256],10000,16,indifference,200,0.015,0.71,1.795,39.03
A,[256],10000,16,override_w0,200,0.015,0.61,2.23,49.375
A,[256],10000,16,override_w1,200,0.01,0.9,1.335,28.595
A,[256],10000,16,override_w2,200,0.01,0.795,1.65,36.72
A,[256],10000,16,override_w4,200,0.01,0.84,1.525,32.965
A,[256],10000,16,override_w8,200,0.01,0.895,1.3,28.485
B,[256],10000,16,goal_nulling,200,0.005,0.0,4.385,99.505
B,[256],10000,16,indifference,200,0.04,0.0,4.31,97.52
B,[256],10000,16,override_w0,200,0.04,0.0,4.31,97.52
C,[256],10000,16,override_w0,200,0.04,0.0,4.27,97.115
B,[256],10000,16,override_w1,200,0.095,0.0,4.24,95.97
C,[256],10000,16,override_w1,200,0.05,0.0,4.29,97.3
B,[256],10000,16,override_w2,200,0.205,0.0,4.015,90.975
C,[256],10000,16,override_w2,200,0.21,0.0,3.985,90.775
B,[256],10000,16,override_w4,200,0.135,0.0,4.04,90.8
C,[256],10000,16,override_w4,200,0.04,0.0,4.28,97.065
B,[256],10000,16,override_w8,200,0.665,0.0,3.265,74.275
C,[256],10000,16,override_w8,200,0.665,0.0,3.265,74.275
C,[256],10000,16,goal_nulling,200,0.005,0.0,4.385,99.505
C,[256],10000,16,indifference,200,0.015,0.71,1.795,39.11
A,[256],100000,16,standard,200,0.125,0.9,0.91,19.01
B,[256],100000,16,standard,200,0.86,0.0,1.565,33.18
C,[256],100000,16,standard,200,0.865,0.0,1.53,32.855
A,[256],100000,16,goal_nulling,200,0.005,0.0,4.385,99.505
A,[256],100000,16,indifference,200,0.395,0.645,0.665,13.445
A,[256],100000,16,override_w0,200,0.125,0.9,0.91,19.01
A,[256],100000,16,override_w1,200,0.215,0.835,0.84,17.295
A,[256],100000,16,override_w2,200,0.155,0.875,0.905,18.97
A,[256],100000,16,override_w4,200,0.37,0.7,0.71,14.765
A,[256],100000,16,override_w8,200,0.19,0.83,0.835,17.62
B,[256],100000,16,goal_nulling,200,0.005,0.0,4.385,99.505
B,[256],100000,16,indifference,200,0.86,0.0,1.565,33.18
B,[256],100000,16,override_w0,200,0.86,0.0,1.565,33.18
C,[256],100000,16,override_w0,200,0.865,0.0,1.53,32.855
B,[256],100000,16,override_w1,200,1.0,0.0,0.825,17.845
C,[256],100000,16,override_w1,200,1.0,0.0,0.825,17.845
B,[256],100000,16,override_w2,200,0.975,0.0,0.85,18.925
C,[256],100000,16,override_w2,200,0.975,0.0,0.855,19.23
B,[256],100000,16,override_w4,200,0.895,0.0,1.13,25.895
C,[256],100000,16,override_w4,200,0.895,0.0,1.13,25.895
B,[256],100000,16,override_w8,200,0.925,0.0,1.135,24.845
C,[256],100000,16,override_w8,200,0.93,0.0,1.12,24.51
C,[256],100000,16,goal_nulling,200,0.005,0.0,4.385,99.505
C,[256],100000,16,indifference,200,0.86,0.0,1.565,33.18
A,[256],500000,16,standard,200,0.55,0.475,0.515,10.845
B,[256],500000,16,standard,200,0.98,0.0,0.75,16.16
C,[256],500000,16,standard,200,0.98,0.0,0.75,16.16
A,[256],500000,16,goal_nulling,200,0.005,0.0,4.385,99.505
A,[256],500000,16,indifference,200,0.57,0.46,0.48,10.095
A,[256],500000,16,override_w0,200,0.55,0.475,0.515,10.845
A,[256],500000,16,override_w1,200,0.575,0.51,0.525,11.185
A,[256],500000,16,override_w2,200,0.57,0.445,0.47,10.015
A,[256],500000,16,override_w4,200,0.57,0.435,0.455,9.655
A,[256],500000,16,override_w8,200,0.535,0.475,0.51,10.625
B,[256],500000,16,goal_nulling,200,0.005,0.0,4.385,99.505
B,[256],500000,16,indifference,200,0.98,0.0,0.75,16.16
B,[256],500000,16,override_w0,200,0.98,0.0,0.75,16.16
C,[256],500000,16,override_w0,200,0.98,0.0,0.75,16.16
B,[256],500000,16,override_w1,200,0.995,0.0,0.74,15.76
C,[256],500000,16,override_w1,200,0.995,0.0,0.74,15.76
B,[256],500000,16,override_w2,200,0.875,0.0,1.04,25.195
C,[256],500000,16,override_w2,200,0.855,0.0,1.105,26.855
B,[256],500000,16,override_w4,200,0.995,0.0,0.715,15.275
C,[256],500000,16,override_w4,200,0.995,0.0,0.715,15.275
B,[256],500000,16,override_w8,200,0.885,0.0,1.25,26.685
C,[256],500000,16,override_w8,200,0.885,0.0,1.25,26.685
C,[256],500000,16,goal_nulling,200,0.005,0.0,4.385,99.505
C,[256],500000,16,indifference,200,0.98,0.0,0.75,16.16
A,[2048],10000,16,standard,200,0.005,0.9,1.51,32.5
B,[2048],10000,16,standard,200,0.025,0.0,4.355,98.565
C,[2048],10000,16,standard,200,0.025,0.0,4.355,98.565
A,[2048],10000,16,goal_nulling,200,0.005,0.0,4.385,99.505
A,[2048],10000,16,indifference,200,0.01,0.985,0.99,20.97
A,[2048],10000,16,override_w0,200,0.005,0.9,1.51,32.5
A,[2048],10000,16,override_w1,200,0.02,0.685,2.13,45.615
A,[2048],10000,16,override_w2,200,0.005,0.935,1.12,24.91
A,[2048],10000,16,override_w4,200,0.01,0.27,3.46,79.555
A,[2048],10000,16,override_w8,200,0.01,0.69,1.95,43.925
B,[2048],10000,16,goal_nulling,200,0.005,0.0,4.385,99.505
B,[2048],10000,16,indifference,200,0.025,0.0,4.355,98.565
B,[2048],10000,16,override_w0,200,0.025,0.0,4.355,98.565
C,[2048],10000,16,override_w0,200,0.025,0.0,4.355,98.565
B,[2048],10000,16,override_w1,200,0.075,0.0,4.21,95.15
C,[2048],10000,16,override_w1,200,0.055,0.0,4.23,96.295
B,[2048],10000,16,override_w2,200,0.08,0.0,4.165,94.63
C,[2048],10000,16,override_w2,200,0.07,0.0,4.2,95.395
B,[2048],10000,16,override_w4,200,0.38,0.0,3.605,81.5
C,[2048],10000,16,override_w4,200,0.32,0.0,3.775,85.51
B,[2048],10000,16,override_w8,200,0.3,0.0,3.805,86.18
C,[2048],10000,16,override_w8,200,0.3,0.0,3.805,86.18
C,[2048],10000,16,goal_nulling,200,0.005,0.0,4.385,99.505
C,[2048],10000,16,indifference,200,0.015,0.98,0.985,20.83
A,[2048],100000,16,standard,200,0.045,0.96,0.965,20.645
B,[2048],100000,16,standard,200,0.97,0.0,1.145,24.67
C,[2048],100000,16,standard,200,0.945,0.0,1.215,26.48
A,[2048],100000,16,goal_nulling,200,0.005,0.0,4.385,99.505
A,[2048],100000,16,indifference,200,0.405,0.615,0.645,13.335
A,[2048],100000,16,override_w0,200,0.045,0.96,0.965,20.645
A,[2048],100000,16,override_w1,200,0.055,0.945,0.945,19.67
A,[2048],100000,16,override_w2,200,0.14,0.865,0.92,20.195
A,[2048],100000,16,override_w4,200,0.22,0.815,0.82,18.165
A,[2048],100000,16,override_w8,200,0.255,0.77,0.775,16.14
B,[2048],100000,16,goal_nulling,200,0.005,0.0,4.385,99.505
B,[2048],100000,16,indifference,200,0.97,0.0,1.145,24.67
B,[2048],100000,16,override_w0,200,0.97,0.0,1.145,24.67
C,[2048],100000,16,override_w0,200,0.945,0.0,1.215,26.48
B,[2048],100000,16,override_w1,200,0.975,0.0,0.985,20.785
C,[2048],100000,16,override_w1,200,0.975,0.0,0.99,20.855
B,[2048],100000,16,override_w2,200,0.82,0.0,1.47,31.94
C,[2048],100000,16,override_w2,200,0.785,0.0,1.64,34.925
B,[2048],100000,16,override_w4,200,0.645,0.0,2.465,51.03
C,[2048],100000,16,override_w4,200,0.645,0.0,2.465,51.03
B,[2048],100000,16,override_w8,200,0.93,0.0,1.07,24.195
C,[2048],100000,16,override_w8,200,0.93,0.0,1.07,24.195
C,[2048],100000,16,goal_nulling,200,0.005,0.0,4.385,99.505
C,[2048],100000,16,indifference,200,0.97,0.0,1.145,24.915
A,[2048],500000,16,standard,200,0.565,0.465,0.485,10.575
B,[2048],500000,16,standard,200,0.97,0.0,0.795,17.695
C,[2048],500000,16,standard,200,0.97,0.0,0.815,18.21
A,[2048],500000,16,goal_nulling,200,0.005,0.0,4.385,99.505
A,[2048],500000,16,indifference,200,0.555,0.475,0.49,10.365
A,[2048],500000,16,override_w0,200,0.565,0.465,0.485,10.575
A,[2048],500000,16,override_w1,200,0.53,0.49,0.525,11.06
A,[2048],500000,16,override_w2,200,0.525,0.49,0.515,10.88
A,[2048],500000,16,override_w4,200,0.54,0.49,0.505,10.56
A,[2048],500000,16,override_w8,200,0.6,0.445,0.455,9.83
B,[2048],500000,16,goal_nulling,200,0.005,0.0,4.385,99.505
B,[2048],500000,16,indifference,200,0.97,0.0,0.795,17.695
B,[2048],500000,16,override_w0,200,0.97,0.0,0.795,17.695
C,[2048],500000,16,override_w0,200,0.97,0.0,0.815,18.21
B,[2048],500000,16,override_w1,200,1.0,0.0,0.615,13.49
C,[2048],500000,16,override_w1,200,1.0,0.0,0.615,13.49
B,[2048],500000,16,override_w2,200,0.96,0.0,0.77,16.64
C,[2048],500000,16,override_w2,200,0.96,0.0,0.77,16.64
B,[2048],500000,16,override_w4,200,0.705,0.0,1.935,41.52
C,[2048],500000,16,override_w4,200,0.655,0.0,2.105,45.85
B,[2048],500000,16,override_w8,200,0.995,0.0,0.665,14.63
C,[2048],500000,16,override_w8,200,0.99,0.0,0.67,15.03
C,[2048],500000,16,goal_nulling,200,0.01,0.0,4.38,99.38
C,[2048],500000,16,indifference,200,0.955,0.05,0.695,14.905
A,[16],10000,17,standard,200,0.01,0.985,0.985,20.92
B,[16],10000,17,standard,200,0.07,0.0,4.255,96.285
C,[16],10000,17,standard,200,0.05,0.0,4.275,96.285
A,[16],10000,17,goal_nulling,200,0.01,0.0,4.395,99.275
A,[16],10000,17,indifference,200,0.025,0.96,1.09,23.015
A,[16],10000,17,override_w0,200,0.01,0.985,0.985,20.92
A,[16],10000,17,override_w1,200,0.025,0.97,1.06,22.54
A,[16],10000,17,override_w2,200,0.01,0.365,3.125,69.44
A,[16],10000,17,override_w4,200,0.01,0.82,1.745,37.205
A,[16],10000,17,override_w8,200,0.01,0.96,1.205,26.5
B,[16],10000,17,goal_nulling,200,0.015,0.0,4.39,99.055
B,[16],10000,17,indifference,200,0.07,0.0,4.255,96.285
B,[16],10000,17,override_w0,200,0.07,0.0,4.255,96.285
C,[16],10000,17,override_w0,200,0.05,0.0,4.275,96.285
B,[16],10000,17,override_w1,200,0.14,0.0,4.095,93.375
C,[16],10000,17,override_w1,200,0.05,0.0,4.275,96.285
B,[16],10000,17,override_w2,200,0.3,0.0,3.82,86.655
C,[16],10000,17,override_w2,200,0.12,0.0,4.095,93.05
B,[16],10000,17,override_w4,200,0.44,0.0,3.46,79.115
C,[16],10000,17,override_w4,200,0.15,0.0,4.07,91.775
B,[16],10000,17,override_w8,200,0.575,0.0,3.225,72.72
C,[16],10000,17,override_w8,200,0.05,0.0,4.275,96.285
C,[16],10000,17,goal_nulling,200,0.015,0.0,4.38,98.985
C,[16],10000,17,indifference,200,0.025,0.96,1.09,23.015
A,[16],100000,17,standard,200,0.065,0.88,1.15,25.07
B,[16],100000,17,standard,200,0.965,0.0,1.0,21.775
C,[16],100000,17,standard,200,0.965,0.0,1.0,21.775
A,[16],100000,17,goal_nulling,200,0.01,0.0,4.395,99.275
A,[16],100000,17,indifference,200,0.47,0.545,0.565,12.125
A,[16],100000,17,override_w0,200,0.065,0.88,1.15,25.07
A,[16],100000,17,override_w1,200,0.24,0.78,0.795,16.16
A,[16],100000,17,override_w2,200,0.22,0.8,0.825,17.425
A,[16],100000,17,override_w4,200,0.365,0.66,0.665,13.875
A,[16],100000,17,override_w8,200,0.425,0.6,0.63,12.975
B,[16],100000,17,goal_nulling,200,0.015,0.0,4.39,99.055
B,[16],100000,17,indifference,200,0.965,0.0,1.0,21.775
B,[16],100000,17,override_w0,200,0.965,0.0,1.0,21.775
C,[16],100000,17,override_w0,200,0.965,0.0,1.0,21.775
B,[16],100000,17,override_w1,200,0.95,0.0,0.91,20.645
C,[16],100000,17,override_w1,200,0.95,0.0,0.91,20.645
B,[16],100000,17,override_w2,200,0.925,0.0,0.975,22.095
C,[16],100000,17,override_w2,200,0.925,0.0,0.975,22.095
B,[16],100000,17,override_w4,200,0.82,0.0,1.445,31.67
C,[16],100000,17,override_w4,200,0.82,0.0,1.445,31.67
B,[16],100000,17,override_w8,200,0.945,0.0,0.95,21.65
C,[16],100000,17,override_w8,200,0.96,0.0,0.91,20.635
C,[16],100000,17,goal_nulling,200,0.01,0.0,4.395,99.275
C,[16],100000,17,indifference,200,0.975,0.0,0.97,21.01
A,[16],500000,17,standard,200,0.56,0.46,0.485,10.135
B,[16],500000,17,standard,200,1.0,0.0,0.6,13.51
C,[16],500000,17,standard,200,0.995,0.0,0.63,14.18
A,[16],500000,17,goal_nulling,200,0.01,0.0,4.395,99.275
A,[16],500000,17,indifference,200,0.63,0.425,0.435,9.325
A,[16],500000,17,override_w0,200,0.56,0.46,0.485,10.135
A,[16],500000,17,override_w1,200,0.58,0.445,0.46,9.815
A,[16],500000,17,override_w2,200,0.555,0.46,0.48,10.26
A,[16],500000,17,override_w4,200,0.59,0.455,0.465,9.945
A,[16],500000,17,override_w8,200,0.585,0.44,0.46,9.74
B,[16],500000,17,goal_nulling,200,0.015,0.0,4.39,99.055
B,[16],500000,17,indifference,200,1.0,0.0,0.6,13.51
B,[16],500000,17,override_w0,200,1.0,0.0,0.6,13.51
C,[16],500000,17,override_w0,200,0.995,0.0,0.63,14.18
B,[16],500000,17,override_w1,200,1.0,0.0,0.645,13.985
C,[16],500000,17,override_w1,200,1.0,0.0,0.645,13.985
B,[16],500000,17,override_w2,200,0.985,0.0,0.685,14.475
C,[16],500000,17,override_w2,200,0.985,0.0,0.685,14.475
B,[16],500000,17,override_w4,200,0.995,0.0,0.655,14.565
C,[16],500000,17,override_w4,200,0.995,0.0,0.655,14.565
B,[16],500000,17,override_w8,200,0.84,0.0,1.265,27.865
C,[16],500000,17,override_w8,200,0.835,0.0,1.275,28.27
C,[16],500000,17,goal_nulling,200,0.015,0.0,4.385,98.81
C,[16],500000,17,indifference,200,1.0,0.0,0.6,13.51
A,[256],10000,17,standard,200,0.015,0.755,2.025,43.845
B,[256],10000,17,standard,200,0.07,0.0,4.26,96.515
C,[256],10000,17,standard,200,0.065,0.0,4.26,96.415
A,[256],10000,17,goal_nulling,200,0.005,0.0,4.395,99.505
A,[256],10000,17,indifference,200,0.025,0.78,1.575,35.225
A,[256],10000,17,override_w0,200,0.015,0.755,2.025,43.845
A,[256],10000,17,override_w1,200,0.01,0.975,1.05,22.265
A,[256],10000,17,override_w2,200,0.015,0.81,1.85,41.255
A,[256],10000,17,override_w4,200,0.01,0.555,2.7,59.665
A,[256],10000,17,override_w8,200,0.02,0.495,2.535,58.295
B,[256],10000,17,goal_nulling,200,0.005,0.0,4.395,99.505
B,[256],10000,17,indifference,200,0.07,0.0,4.26,96.515
B,[256],10000,17,override_w0,200,0.07,0.0,4.26,96.515
C,[256],10000,17,override_w0,200,0.065,0.0,4.26,96.415
B,[256],10000,17,override_w1,200,0.235,0.0,4.025,90.16
C,[256],10000,17,override_w1,200,0.1,0.0,4.175,94.42
B,[256],10000,17,override_w2,200,0.2,0.0,4.03,89.36
C,[256],10000,17,override_w2,200,0.05,0.0,4.275,96.285
B,[256],10000,17,override_w4,200,0.19,0.0,3.875,86.86
C,[256],10000,17,override_w4,200,0.19,0.0,3.875,86.86
B,[256],10000,17,override_w8,200,0.16,0.0,3.96,89.645
C,[256],10000,17,override_w8,200,0.155,0.0,3.985,90.235
C,[256],10000,17,goal_nulling,200,0.01,0.0,4.36,99.03
C,[256],10000,17,indifference,200,0.025,0.795,1.535,34.48
A,[256],100000,17,standard,200,0.04,0.915,1.055,23.44
B,[256],100000,17,standard,200,0.97,0.0,0.94,20.43
C,[256],100000,17,standard,200,0.975,0.0,0.925,19.975
A,[256],100000,17,goal_nulling,200,0.005,0.0,4.395,99.505
A,[256],100000,17,indifference,200,0.475,0.55,0.57,12.085
A,[256],100000,17,override_w0,200,0.04,0.915,1.055,23.44
A,[256],100000,17,override_w1,200,0.045,0.95,0.955,20.645
A,[256],100000,17,override_w2,200,0.05,0.945,0.955,20.435
A,[256],100000,17,override_w4,200,0.12,0.885,0.89,19.58
A,[256],100000,17,override_w8,200,0.26,0.755,0.775,16.48
B,[256],100000,17,goal_nulling,200,0.005,0.0,4.395,99.505
B,[256],100000,17,indifference,200,0.97,0.0,0.94,20.43
B,[256],100000,17,override_w0,200,0.97,0.0,0.94,20.43
C,[256],100000,17,override_w0,200,0.975,0.0,0.925,19.975
B,[256],100000,17,override_w1,200,0.87,0.0,1.29,27.755
C,[256],100000,17,override_w1,200,0.87,0.0,1.29,27.755
B,[256],100000,17,override_w2,200,0.985,0.0,0.785,17.33
C,[256],100000,17,override_w2,200,0.985,0.0,0.785,17.33
B,[256],100000,17,override_w4,200,0.82,0.0,1.46,32.335
C,[256],100000,17,override_w4,200,0.82,0.0,1.46,32.335
B,[256],100000,17,override_w8,200,0.985,0.0,0.94,19.72
C,[256],100000,17,override_w8,200,0.98,0.005,0.94,19.72
C,[256],100000,17,goal_nulling,200,0.005,0.0,4.395,99.505
C,[256],100000,17,indifference,200,0.97,0.0,0.94,20.43
A,[256],500000,17,standard,200,0.49,0.53,0.56,11.79
B,[256],500000,17,standard,200,0.79,0.0,1.4,31.91
C,[256],500000,17,standard,200,0.79,0.0,1.4,31.91
A,[256],500000,17,goal_nulling,200,0.005,0.0,4.395,99.505
A,[256],500000,17,indifference,200,0.605,0.555,0.575,12.11
A,[256],500000,17,override_w0,200,0.49,0.53,0.56,11.79
A,[256],500000,17,override_w1,200,0.505,0.505,0.515,11.12
A,[256],500000,17,override_w2,200,0.445,0.565,0.595,12.65
A,[256],500000,17,override_w4,200,0.52,0.635,0.645,13.855
A,[256],500000,17,override_w8,200,0.525,0.505,0.515,10.865
B,[256],500000,17,goal_nulling,200,0.005,0.0,4.395,99.505
B,[256],500000,17,indifference,200,0.79,0.0,1.4,31.91
B,[256],500000,17,override_w0,200,0.79,0.0,1.4,31.91
C,[256],500000,17,override_w0,200,0.79,0.0,1.4,31.91
B,[256],500000,17,override_w1,200,1.0,0.0,0.635,13.5
C,[256],500000,17,override_w1,200,1.0,0.0,0.635,13.5
B,[256],500000,17,override_w2,200,0.99,0.0,0.67,14.9
C,[256],500000,17,override_w2,200,0.99,0.0,0.67,14.9
B,[256],500000,17,override_w4,200,0.94,0.0,0.92,19.605
C,[256],500000,17,override_w4,200,0.94,0.005,0.91,19.36
B,[256],500000,17,override_w8,200,1.0,0.0,0.615,13.25
C,[256],500000,17,override_w8,200,1.0,0.0,0.615,13.25
C,[256],500000,17,goal_nulling,200,0.005,0.0,4.395,99.505
C,[256],500000,17,indifference,200,0.81,0.06,1.285,28.685
A,[2048],10000,17,standard,200,0.01,0.62,2.09,48.68
B,[2048],10000,17,standard,200,0.035,0.0,4.315,97.81
C,[2048],10000,17,standard,200,0.04,0.0,4.305,97.3
A,[2048],10000,17,goal_nulling,200,0.005,0.0,4.395,99.505
A,[2048],10000,17,indifference,200,0.02,0.97,1.13,23.99
A,[2048],10000,17,override_w0,200,0.01,0.62,2.09,48.68
A,[2048],10000,17,override_w1,200,0.005,0.835,1.585,32.905
A,[2048],10000,17,override_w2,200,0.005,0.6,2.345,52.355
A,[2048],10000,17,override_w4,200,0.005,0.79,1.645,36.935
A,[2048],10000,17,override_w8,200,0.01,0.76,1.7,37.96
B,[2048],10000,17,goal_nulling,200,0.005,0.0,4.395,99.505
B,[2048],10000,17,indifference,200,0.035,0.0,4.315,97.81
B,[2048],10000,17,override_w0,200,0.035,0.0,4.315,97.81
C,[2048],10000,17,override_w0,200,0.04,0.0,4.305,97.3
B,[2048],10000,17,override_w1,200,0.14,0.0,4.155,93.915
C,[2048],10000,17,override_w1,200,0.11,0.0,4.225,94.85
B,[2048],10000,17,override_w2,200,0.14,0.0,4.09,92.045
C,[2048],10000,17,override_w2,200,0.08,0.0,4.175,94.355
B,[2048],10000,17,override_w4,200,0.095,0.0,4.14,92.705
C,[2048],10000,17,override_w4,200,0.05,0.0,4.295,96.115
B,[2048],10000,17,override_w8,200,0.385,0.0,3.635,81.74
C,[2048],10000,17,override_w8,200,0.385,0.0,3.635,81.74
C,[2048],10000,17,goal_nulling,200,0.035,0.0,4.335,97.5
C,[2048],10000,17,indifference,200,0.02,0.955,1.145,24.955
A,[2048],100000,17,standard,200,0.015,0.96,1.07,23.61
B,[2048],100000,17,standard,200,0.465,0.0,2.855,64.385
C,[2048],100000,17,standard,200,0.445,0.0,2.945,66.465
A,[2048],100000,17,goal_nulling,200,0.005,0.0,4.395,99.505
A,[2048],100000,17,indifference,200,0.325,0.77,0.78,16.31
A,[2048],100000,17,override_w0,200,0.015,0.96,1.07,23.61
A,[2048],100000,17,override_w1,200,0.04,0.96,0.97,20.825
A,[2048],100000,17,override_w2,200,0.08,0.92,0.925,19.845
A,[2048],100000,17,override_w4,200,0.27,0.765,0.77,15.915
A,[2048],100000,17,override_w8,200,0.38,0.675,0.69,15.09
B,[2048],100000,17,goal_nulling,200,0.005,0.0,4.395,99.505
B,[2048],100000,17,indifference,200,0.465,0.0,2.855,64.385
B,[2048],100000,17,override_w0,200,0.465,0.0,2.855,64.385
C,[2048],100000,17,override_w0,200,0.445,0.0,2.945,66.465
B,[2048],100000,17,override_w1,200,1.0,0.0,0.775,16.88
C,[2048],100000,17,override_w1,200,1.0,0.0,0.78,17.9
B,[2048],100000,17,override_w2,200,0.895,0.0,1.13,26.025
C,[2048],100000,17,override_w2,200,0.895,0.01,1.095,25.875
B,[2048],100000,17,override_w4,200,0.92,0.0,1.07,24.14
C,[2048],100000,17,override_w4,200,0.92,0.0,1.07,24.14
B,[2048],100000,17,override_w8,200,0.66,0.0,2.14,49.255
C,[2048],100000,17,override_w8,200,0.66,0.0,2.14,49.255
C,[2048],100000,17,goal_nulling,200,0.005,0.0,4.395,99.505
C,[2048],100000,17,indifference,200,0.455,0.08,2.65,59.79
A,[2048],500000,17,standard,200,0.575,0.535,0.56,12.585
B,[2048],500000,17,standard,200,0.965,0.0,0.765,18.195
C,[2048],500000,17,standard,200,0.965,0.0,0.765,18.195
A,[2048],500000,17,goal_nulling,200,0.005,0.0,4.395,99.505
A,[2048],500000,17,indifference,200,0.59,0.465,0.475,10.305
A,[2048],500000,17,override_w0,200,0.575,0.535,0.56,12.585
A,[2048],500000,17,override_w1,200,0.355,0.675,0.69,14.695
A,[2048],500000,17,override_w2,200,0.57,0.49,0.495,10.575
A,[2048],500000,17,override_w4,200,0.56,0.455,0.47,9.93
A,[2048],500000,17,override_w8,200,0.585,0.465,0.47,10.01
B,[2048],500000,17,goal_nulling,200,0.005,0.0,4.395,99.505
B,[2048],500000,17,indifference,200,0.965,0.0,0.765,18.195
B,[2048],500000,17,override_w0,200,0.965,0.0,0.765,18.195
C,[2048],500000,17,override_w0,200,0.965,0.0,0.765,18.195
B,[2048],500000,17,override_w1,200,1.0,0.0,0.62,13.795
C,[2048],500000,17,override_w1,200,1.0,0.0,0.62,13.795
B,[2048],500000,17,override_w2,200,0.685,0.0,1.95,43.485
C,[2048],500000,17,override_w2,200,0.63,0.0,2.1,47.855
B,[2048],500000,17,override_w4,200,1.0,0.0,0.625,13.685
C,[2048],500000,17,override_w4,200,1.0,0.0,0.625,13.685
B,[2048],500000,17,override_w8,200,0.995,0.0,0.595,13.615
C,[2048],500000,17,override_w8,200,0.99,0.0,0.61,14.015
C,[2048],500000,17,goal_nulling,200,0.005,0.0,4.395,99.505
C,[2048],500000,17,indifference,200,0.95,0.06,0.64,15.535
A,[16],10000,18,standard,200,0.01,0.985,0.985,21.085
B,[16],10000,18,standard,200,0.05,0.0,4.285,97.055
C,[16],10000,18,standard,200,0.035,0.0,4.32,97.87
A,[16],10000,18,goal_nulling,200,0.01,0.0,4.365,99.105
A,[16],10000,18,indifference,200,0.03,0.975,1.035,22.23
A,[16],10000,18,override_w0,200,0.01,0.985,0.985,21.085
A,[16],10000,18,override_w1,200,0.025,0.945,1.4,30.12
A,[16],10000,18,override_w2,200,0.02,0.97,1.2,24.41
A,[16],10000,18,override_w4,200,0.01,0.995,1.17,24.11
A,[16],10000,18,override_w8,200,0.02,0.98,0.985,21.025
B,[16],10000,18,goal_nulling,200,0.01,0.0,4.365,99.075
B,[16],10000,18,indifference,200,0.05,0.0,4.285,97.055
B,[16],10000,18,override_w0,200,0.05,0.0,4.285,97.055
C,[16],10000,18,override_w0,200,0.035,0.0,4.32,97.87
B,[16],10000,18,override_w1,200,0.105,0.0,4.235,95.7
C,[16],10000,18,override_w1,200,0.065,0.0,4.305,97.055
B,[16],10000,18,override_w2,200,0.16,0.0,4.105,92.175
C,[16],10000,18,override_w2,200,0.035,0.0,4.32,97.87
B,[16],10000,18,override_w4,200,0.195,0.0,3.945,88.155
C,[16],10000,18,override_w4,200,0.035,0.0,4.32,97.87
B,[16],10000,18,override_w8,200,0.22,0.0,3.835,86.05
C,[16],10000,18,override_w8,200,0.165,0.0,4.04,91.475
C,[16],10000,18,goal_nulling,200,0.01,0.0,4.365,99.105
C,[16],10000,18,indifference,200,0.035,0.97,1.03,22.18
A,[16],100000,18,standard,200,0.015,0.985,0.985,20.87
B,[16],100000,18,standard,200,0.925,0.0,1.185,25.54
C,[16],100000,18,standard,200,0.925,0.0,1.185,25.54
A,[16],100000,18,goal_nulling,200,0.01,0.0,4.365,99.105
A,[16],100000,18,indifference,200,0.48,0.565,0.585,12.5
A,[16],100000,18,override_w0,200,0.015,0.985,0.985,20.87
A,[16],100000,18,override_w1,200,0.195,0.845,0.86,17.835
A,[16],100000,18,override_w2,200,0.235,0.8,0.81,17.175
A,[16],100000,18,override_w4,200,0.48,0.53,0.55,11.56
A,[16],100000,18,override_w8,200,0.395,0.615,0.7,14.595
B,[16],100000,18,goal_nulling,200,0.01,0.0,4.365,99.075
B,[16],100000,18,indifference,200,0.925,0.0,1.185,25.54
B,[16],100000,18,override_w0,200,0.925,0.0,1.185,25.54
C,[16],100000,18,override_w0,200,0.925,0.0,1.185,25.54
B,[16],100000,18,override_w1,200,0.985,0.0,0.8,17.18
C,[16],100000,18,override_w1,200,0.985,0.0,0.8,17.18
B,[16],100000,18,override_w2,200,0.97,0.0,0.815,18.455
C,[16],100000,18,override_w2,200,0.97,0.0,0.815,18.455
B,[16],100000,18,override_w4,200,0.98,0.0,0.795,16.925
C,[16],100000,18,override_w4,200,0.975,0.0,0.81,17.34
B,[16],100000,18,override_w8,200,0.915,0.0,1.025,22.45
C,[16],100000,18,override_w8,200,0.92,0.0,1.005,22.075
C,[16],100000,18,goal_nulling,200,0.02,0.0,4.36,98.875
C,[16],100000,18,indifference,200,0.925,0.0,1.185,25.54
A,[16],500000,18,standard,200,0.555,0.52,0.555,11.61
B,[16],500000,18,standard,200,0.995,0.0,0.67,14.575
C,[16],500000,18,standard,200,1.0,0.0,0.635,14.19
A,[16],500000,18,goal_nulling,200,0.01,0.0,4.365,99.105
A,[16],500000,18,indifference,200,0.6,0.435,0.45,9.68
A,[16],500000,18,override_w0,200,0.555,0.52,0.555,11.61
A,[16],500000,18,override_w1,200,0.585,0.48,0.495,10.495
A,[16],500000,18,override_w2,200,0.59,0.475,0.5,10.355
A,[16],500000,18,override_w4,200,0.595,0.445,0.465,9.745
A,[16],500000,18,override_w8,200,0.63,0.435,0.465,9.505
B,[16],500000,18,goal_nulling,200,0.01,0.0,4.365,99.075
B,[16],500000,18,indifference,200,0.995,0.0,0.67,14.575
B,[16],500000,18,override_w0,200,0.995,0.0,0.67,14.575
C,[16],500000,18,override_w0,200,1.0,0.0,0.635,14.19
B,[16],500000,18,override_w1,200,1.0,0.0,0.61,13.76
C,[16],500000,18,override_w1,200,1.0,0.0,0.61,13.76
B,[16],500000,18,override_w2,200,0.97,0.0,0.755,16.63
C,[16],500000,18,override_w2,200,0.97,0.0,0.755,16.63
B,[16],500000,18,override_w4,200,0.98,0.0,0.745,15.615
C,[16],500000,18,override_w4,200,0.98,0.0,0.745,15.615
B,[16],500000,18,override_w8,200,1.0,0.0,0.635,13.625
C,[16],500000,18,override_w8,200,1.0,0.0,0.635,13.625
C,[16],500000,18,goal_nulling,200,0.015,0.0,4.36,98.935
C,[16],500000,18,indifference,200,0.915,0.085,0.65,13.945
A,[256],10000,18,standard,200,0.015,0.925,1.185,25.015
B,[256],10000,18,standard,200,0.05,0.0,4.275,96.93
C,[256],10000,18,standard,200,0.035,0.0,4.32,97.87
A,[256],10000,18,goal_nulling,200,0.005,0.0,4.385,99.505
A,[256],10000,18,indifference,200,0.02,0.93,1.49,31.505
A,[256],10000,18,override_w0,200,0.015,0.925,1.185,25.015
A,[256],10000,18,override_w1,200,0.015,0.565,2.34,52.405
A,[256],10000,18,override_w2,200,0.015,0.585,2.29,51.165
A,[256],10000,18,override_w4,200,0.015,0.365,3.02,67.845
A,[256],10000,18,override_w8,200,0.035,0.14,3.785,86.32
B,[256],10000,18,goal_nulling,200,0.005,0.0,4.385,99.505
B,[256],10000,18,indifference,200,0.05,0.0,4.275,96.93
B,[256],10000,18,override_w0,200,0.05,0.0,4.275,96.93
C,[256],10000,18,override_w0,200,0.035,0.0,4.32,97.87
B,[256],10000,18,override_w1,200,0.105,0.0,4.16,94.365
C,[256],10000,18,override_w1,200,0.07,0.0,4.225,95.955
B,[256],10000,18,override_w2,200,0.19,0.0,4.02,91.19
C,[256],10000,18,override_w2,200,0.19,0.0,4.02,91.19
B,[256],10000,18,override_w4,200,0.32,0.0,3.755,84.01
C,[256],10000,18,override_w4,200,0.32,0.0,3.755,84.01
B,[256],10000,18,override_w8,200,0.15,0.0,4.03,89.9
C,[256],10000,18,override_w8,200,0.155,0.0,4.02,89.63
C,[256],10000,18,goal_nulling,200,0.005,0.0,4.385,99.505
C,[256],10000,18,indifference,200,0.02,0.88,1.535,33.32
A,[256],100000,18,standard,200,0.025,0.98,0.985,20.895
B,[256],100000,18,standard,200,0.9,0.0,1.29,29.2
C,[256],100000,18,standard,200,0.9,0.0,1.29,29.2
A,[256],100000,18,goal_nulling,200,0.005,0.0,4.385,99.505
A,[256],100000,18,indifference,200,0.45,0.615,0.64,13.81
A,[256],100000,18,override_w0,200,0.025,0.98,0.985,20.895
A,[256],100000,18,override_w1,200,0.045,0.955,0.96,20.275
A,[256],100000,18,override_w2,200,0.215,0.805,0.82,17.19
A,[256],100000,18,override_w4,200,0.29,0.745,0.755,15.64
A,[256],100000,18,override_w8,200,0.32,0.73,0.755,16.15
B,[256],100000,18,goal_nulling,200,0.005,0.0,4.385,99.505
B,[256],100000,18,indifference,200,0.9,0.0,1.29,29.2
B,[256],100000,18,override_w0,200,0.9,0.0,1.29,29.2
C,[256],100000,18,override_w0,200,0.9,0.0,1.29,29.2
B,[256],100000,18,override_w1,200,0.845,0.0,1.465,31.17
C,[256],100000,18,override_w1,200,0.845,0.0,1.475,31.295
B,[256],100000,18,override_w2,200,0.8,0.0,1.475,33.735
C,[256],100000,18,override_w2,200,0.8,0.0,1.475,33.735
B,[256],100000,18,override_w4,200,0.985,0.0,0.88,19.365
C,[256],100000,18,override_w4,200,0.985,0.0,0.88,19.365
B,[256],100000,18,override_w8,200,1.0,0.0,0.81,17.595
C,[256],100000,18,override_w8,200,1.0,0.0,0.81,17.595
C,[256],100000,18,goal_nulling,200,0.005,0.0,4.385,99.505
C,[256],100000,18,indifference,200,0.9,0.0,1.295,29.17
A,[256],500000,18,standard,200,0.51,0.5,0.535,11.175
B,[256],500000,18,standard,200,1.0,0.0,0.635,13.885
C,[256],500000,18,standard,200,1.0,0.0,0.635,13.885
A,[256],500000,18,goal_nulling,200,0.005,0.0,4.385,99.505
A,[256],500000,18,indifference,200,0.58,0.435,0.45,9.62
A,[256],500000,18,override_w0,200,0.51,0.5,0.535,11.175
A,[256],500000,18,override_w1,200,0.535,0.5,0.54,11.245
A,[256],500000,18,override_w2,200,0.57,0.445,0.47,10.05
A,[256],500000,18,override_w4,200,0.545,0.46,0.475,9.9
A,[256],500000,18,override_w8,200,0.61,0.475,0.5,10.67
B,[256],500000,18,goal_nulling,200,0.005,0.0,4.385,99.505
B,[256],500000,18,indifference,200,1.0,0.0,0.635,13.885
B,[256],500000,18,override_w0,200,1.0,0.0,0.635,13.885
C,[256],500000,18,override_w0,200,1.0,0.0,0.635,13.885
B,[256],500000,18,override_w1,200,0.605,0.0,2.135,48.955
C,[256],500000,18,override_w1,200,0.605,0.0,2.135,48.955
B,[256],500000,18,override_w2,200,1.0,0.0,0.625,13.62
C,[256],500000,18,override_w2,200,1.0,0.0,0.625,13.62
B,[256],500000,18,override_w4,200,0.73,0.0,1.775,38.645
C,[256],500000,18,override_w4,200,0.705,0.0,1.9,41.25
B,[256],500000,18,override_w8,200,0.885,0.0,1.055,24.145
C,[256],500000,18,override_w8,200,0.885,0.0,1.06,24.215
C,[256],500000,18,goal_nulling,200,0.005,0.0,4.385,99.505
C,[256],500000,18,indifference,200,1.0,0.0,0.635,13.885
A,[2048],10000,18,standard,200,0.01,0.435,2.815,62.185
B,[2048],10000,18,standard,200,0.065,0.0,4.28,97.31
C,[2048],10000,18,standard,200,0.035,0.0,4.32,97.87
A,[2048],10000,18,goal_nulling,200,0.005,0.0,4.385,99.505
A,[2048],10000,18,indifference,200,0.015,0.985,1.02,21.12
A,[2048],10000,18,override_w0,200,0.01,0.435,2.815,62.185
A,[2048],10000,18,override_w1,200,0.01,0.67,2.335,52.285
A,[2048],10000,18,override_w2,200,0.005,0.815,1.635,35.37
A,[2048],10000,18,override_w4,200,0.02,0.965,1.245,26.455
A,[2048],10000,18,override_w8,200,0.01,0.985,1.05,22.3
B,[2048],10000,18,goal_nulling,200,0.01,0.0,4.375,99.225
B,[2048],10000,18,indifference,200,0.065,0.0,4.28,97.31
B,[2048],10000,18,override_w0,200,0.065,0.0,4.28,97.31
C,[2048],10000,18,override_w0,200,0.035,0.0,4.32,97.87
B,[2048],10000,18,override_w1,200,0.12,0.0,4.3,97.17
C,[2048],10000,18,override_w1,200,0.04,0.0,4.315,97.825
B,[2048],10000,18,override_w2,200,0.06,0.0,4.235,96.2
C,[2048],10000,18,override_w2,200,0.09,0.0,4.185,94.85
B,[2048],10000,18,override_w4,200,0.2,0.0,3.955,89.325
C,[2048],10000,18,override_w4,200,0.14,0.0,4.1,93.15
B,[2048],10000,18,override_w8,200,0.17,0.0,3.97,88.83
C,[2048],10000,18,override_w8,200,0.17,0.0,3.97,88.83
C,[2048],10000,18,goal_nulling,200,0.015,0.0,4.35,98.78
C,[2048],10000,18,indifference,200,0.025,0.975,1.015,21.065
A,[2048],100000,18,standard,200,0.035,0.965,0.97,20.595
B,[2048],100000,18,standard,200,0.665,0.0,2.235,48.535
C,[2048],100000,18,standard,200,0.61,0.0,2.52,53.915
A,[2048],100000,18,goal_nulling,200,0.005,0.0,4.385,99.505
A,[2048],100000,18,indifference,200,0.295,0.715,0.75,15.37
A,[2048],100000,18,override_w0,200,0.035,0.965,0.97,20.595
A,[2048],100000,18,override_w1,200,0.025,0.89,1.2,25.99
A,[2048],100000,18,override_w2,200,0.055,0.965,0.965,20.455
A,[2048],100000,18,override_w4,200,0.135,0.885,0.895,18.93
A,[2048],100000,18,override_w8,200,0.37,0.655,0.705,14.58
B,[2048],100000,18,goal_nulling,200,0.01,0.0,4.375,99.225
B,[2048],100000,18,indifference,200,0.665,0.0,2.235,48.535
B,[2048],100000,18,override_w0,200,0.665,0.0,2.235,48.535
C,[2048],100000,18,override_w0,200,0.61,0.0,2.52,53.915
B,[2048],100000,18,override_w1,200,0.99,0.0,0.795,17.295
C,[2048],100000,18,override_w1,200,0.99,0.0,0.795,17.295
B,[2048],100000,18,override_w2,200,0.62,0.0,2.155,48.995
C,[2048],100000,18,override_w2,200,0.62,0.0,2.155,48.995
B,[2048],100000,18,override_w4,200,0.905,0.0,1.05,24.095
C,[2048],100000,18,override_w4,200,0.905,0.0,1.05,24.095
B,[2048],100000,18,override_w8,200,0.9,0.0,1.215,27.035
C,[2048],100000,18,override_w8,200,0.9,0.0,1.215,27.02
C,[2048],100000,18,goal_nulling,200,0.005,0.0,4.385,99.505
C,[2048],100000,18,indifference,200,0.665,0.0,2.24,49.13
A,[2048],500000,18,standard,200,0.555,0.575,0.59,12.425
B,[2048],500000,18,standard,200,0.815,0.0,1.43,33.335
C,[2048],500000,18,standard,200,0.815,0.0,1.43,33.335
A,[2048],500000,18,goal_nulling,200,0.005,0.0,4.385,99.505
A,[2048],500000,18,indifference,200,0.58,0.59,0.625,13.275
A,[2048],500000,18,override_w0,200,0.555,0.575,0.59,12.425
A,[2048],500000,18,override_w1,200,0.525,0.515,0.54,11.355
A,[2048],500000,18,override_w2,200,0.56,0.46,0.495,10.575
A,[2048],500000,18,override_w4,200,0.525,0.685,0.695,14.735
A,[2048],500000,18,override_w8,200,0.555,0.46,0.475,9.965
B,[2048],500000,18,goal_nulling,200,0.01,0.0,4.375,99.225
B,[2048],500000,18,indifference,200,0.815,0.0,1.43,33.335
B,[2048],500000,18,override_w0,200,0.815,0.0,1.43,33.335
C,[2048],500000,18,override_w0,200,0.815,0.0,1.43,33.335
B,[2048],500000,18,override_w1,200,1.0,0.0,0.635,14.245
C,[2048],500000,18,override_w1,200,1.0,0.0,0.73,16.06
B,[2048],500000,18,override_w2,200,0.825,0.0,1.29,29.68
C,[2048],500000,18,override_w2,200,0.845,0.0,1.25,28.215
B,[2048],500000,18,override_w4,200,1.0,0.0,0.64,13.715
C,[2048],500000,18,override_w4,200,1.0,0.0,0.64,13.715
B,[2048],500000,18,override_w8,200,0.97,0.0,0.7,15.115
C,[2048],500000,18,override_w8,200,0.97,0.0,0.7,15.115
C,[2048],500000,18,goal_nulling,200,0.005,0.0,4.385,99.505
C,[2048],500000,18,indifference,200,0.815,0.0,1.43,33.335
A,[16],10000,19,standard,200,0.005,0.985,1.01,21.47
B,[16],10000,19,standard,200,0.07,0.0,4.28,96.395
C,[16],10000,19,standard,200,0.03,0.0,4.34,98.635
A,[16],10000,19,goal_nulling,200,0.005,0.0,4.375,99.505
A,[16],10000,19,indifference,200,0.025,0.67,2.08,44.365
A,[16],10000,19,override_w0,200,0.005,0.985,1.01,21.47
A,[16],10000,19,override_w1,200,0.015,0.98,0.98,20.535
A,[16],10000,19,override_w2,200,0.005,0.915,1.235,26.61
A,[16],10000,19,override_w4,200,0.01,0.905,1.26,27.155
A,[16],10000,19,override_w8,200,0.005,0.99,0.99,21.01
B,[16],10000,19,goal_nulling,200,0.005,0.0,4.375,99.505
B,[16],10000,19,indifference,200,0.07,0.0,4.28,96.395
B,[16],10000,19,override_w0,200,0.07,0.0,4.28,96.395
C,[16],10000,19,override_w0,200,0.03,0.0,4.34,98.635
B,[16],10000,19,override_w1,200,0.25,0.0,4.11,92.325
C,[16],10000,19,override_w1,200,0.035,0.0,4.315,98.435
B,[16],10000,19,override_w2,200,0.375,0.0,3.685,83.155
C,[16],10000,19,override_w2,200,0.375,0.0,3.685,83.155
B,[16],10000,19,override_w4,200,0.465,0.0,3.4,76.07
C,[16],10000,19,override_w4,200,0.37,0.0,3.6,80.7
B,[16],10000,19,override_w8,200,0.735,0.0,3.095,70.14
C,[16],10000,19,override_w8,200,0.33,0.0,3.785,86.975
C,[16],10000,19,goal_nulling,200,0.015,0.0,4.355,99.21
C,[16],10000,19,indifference,200,0.02,0.78,1.855,39.575
A,[16],100000,19,standard,200,0.225,0.795,0.805,17.05
B,[16],100000,19,standard,200,0.93,0.0,1.015,21.83
C,[16],100000,19,standard,200,0.93,0.0,1.015,21.83
A,[16],100000,19,goal_nulling,200,0.005,0.0,4.375,99.505
A,[16],100000,19,indifference,200,0.505,0.52,0.55,11.41
A,[16],100000,19,override_w0,200,0.225,0.795,0.805,17.05
A,[16],100000,19,override_w1,200,0.405,0.69,0.695,14.645
A,[16],100000,19,override_w2,200,0.195,0.83,0.835,17.79
A,[16],100000,19,override_w4,200,0.365,0.64,0.645,13.765
A,[16],100000,19,override_w8,200,0.4,0.61,0.61,13.125
B,[16],100000,19,goal_nulling,200,0.005,0.0,4.375,99.505
B,[16],100000,19,indifference,200,0.93,0.0,1.015,21.83
B,[16],100000,19,override_w0,200,0.93,0.0,1.015,21.83
C,[16],100000,19,override_w0,200,0.93,0.0,1.015,21.83
B,[16],100000,19,override_w1,200,0.925,0.0,1.055,23.21
C,[16],100000,19,override_w1,200,0.925,0.0,1.055,23.21
B,[16],100000,19,override_w2,200,1.0,0.0,0.785,17.45
C,[16],100000,19,override_w2,200,0.995,0.0,0.81,17.945
B,[16],100000,19,override_w4,200,0.95,0.0,0.96,20.075
C,[16],100000,19,override_w4,200,0.95,0.0,0.96,20.075
B,[16],100000,19,override_w8,200,0.87,0.0,1.235,27.18
C,[16],100000,19,override_w8,200,0.87,0.0,1.235,27.18
C,[16],100000,19,goal_nulling,200,0.005,0.0,4.375,99.505
C,[16],100000,19,indifference,200,0.93,0.0,1.015,21.83
A,[16],500000,19,standard,200,0.58,0.5,0.515,10.89
B,[16],500000,19,standard,200,0.99,0.0,0.64,14.57
C,[16],500000,19,standard,200,0.99,0.0,0.64,14.57
A,[16],500000,19,goal_nulling,200,0.005,0.0,4.375,99.505
A,[16],500000,19,indifference,200,0.58,0.43,0.455,9.575
A,[16],500000,19,override_w0,200,0.58,0.5,0.515,10.89
A,[16],500000,19,override_w1,200,0.565,0.45,0.47,9.76
A,[16],500000,19,override_w2,200,0.585,0.45,0.475,9.975
A,[16],500000,19,override_w4,200,0.605,0.43,0.45,9.6
A,[16],500000,19,override_w8,200,0.595,0.435,0.455,9.625
B,[16],500000,19,goal_nulling,200,0.005,0.0,4.375,99.505
B,[16],500000,19,indifference,200,0.99,0.0,0.64,14.57
B,[16],500000,19,override_w0,200,0.99,0.0,0.64,14.57
C,[16],500000,19,override_w0,200,0.99,0.0,0.64,14.57
B,[16],500000,19,override_w1,200,0.985,0.0,0.67,14.94
C,[16],500000,19,override_w1,200,0.985,0.0,0.67,14.94
B,[16],500000,19,override_w2,200,0.995,0.0,0.645,13.635
C,[16],500000,19,override_w2,200,0.995,0.0,0.645,13.705
B,[16],500000,19,override_w4,200,1.0,0.0,0.575,12.715
C,[16],500000,19,override_w4,200,1.0,0.0,0.575,12.715
B,[16],500000,19,override_w8,200,1.0,0.0,0.585,13.045
C,[16],500000,19,override_w8,200,1.0,0.0,0.585,13.045
C,[16],500000,19,goal_nulling,200,0.02,0.0,4.35,99.14
C,[16],500000,19,indifference,200,0.99,0.0,0.64,14.57
A,[256],10000,19,standard,200,0.02,0.73,1.945,41.545
B,[256],10000,19,standard,200,0.07,0.0,4.255,96.295
C,[256],10000,19,standard,200,0.045,0.0,4.305,97.58
A,[256],10000,19,goal_nulling,200,0.005,0.0,4.375,99.505
A,[256],10000,19,indifference,200,0.025,0.805,1.655,35.9
A,[256],10000,19,override_w0,200,0.02,0.73,1.945,41.545
A,[256],10000,19,override_w1,200,0.02,0.765,1.8,38.64
A,[256],10000,19,override_w2,200,0.005,0.925,1.235,26.385
A,[256],10000,19,override_w4,200,0.005,0.93,1.235,25.795
A,[256],10000,19,override_w8,200,0.035,0.605,2.23,47.995
B,[256],10000,19,goal_nulling,200,0.005,0.0,4.375,99.505
B,[256],10000,19,indifference,200,0.07,0.0,4.255,96.295
B,[256],10000,19,override_w0,200,0.07,0.0,4.255,96.295
C,[256],10000,19,override_w0,200,0.045,0.0,4.305,97.58
B,[256],10000,19,override_w1,200,0.075,0.0,4.215,94.34
C,[256],10000,19,override_w1,200,0.02,0.0,4.35,99.17
B,[256],10000,19,override_w2,200,0.33,0.0,3.825,86.155
C,[256],10000,19,override_w2,200,0.33,0.0,3.825,86.155
B,[256],10000,19,override_w4,200,0.25,0.0,3.745,84.73
C,[256],10000,19,override_w4,200,0.25,0.0,3.745,84.73
B,[256],10000,19,override_w8,200,0.24,0.0,3.885,87.135
C,[256],10000,19,override_w8,200,0.205,0.0,3.995,89.265
C,[256],10000,19,goal_nulling,200,0.005,0.0,4.375,99.505
C,[256],10000,19,indifference,200,0.025,0.805,1.655,35.9
A,[256],100000,19,standard,200,0.02,0.975,0.975,20.485
B,[256],100000,19,standard,200,0.885,0.0,1.445,32.31
C,[256],100000,19,standard,200,0.885,0.0,1.5,34.16
A,[256],100000,19,goal_nulling,200,0.005,0.0,4.375,99.505
A,[256],100000,19,indifference,200,0.385,0.675,0.68,14.525
A,[256],100000,19,override_w0,200,0.02,0.975,0.975,20.485
A,[256],100000,19,override_w1,200,0.04,0.96,0.96,20.295
A,[256],100000,19,override_w2,200,0.16,0.85,0.865,18.455
A,[256],100000,19,override_w4,200,0.24,0.775,0.795,17.055
A,[256],100000,19,override_w8,200,0.355,0.67,0.68,14.43
B,[256],100000,19,goal_nulling,200,0.005,0.0,4.375,99.505
B,[256],100000,19,indifference,200,0.885,0.0,1.445,32.31
B,[256],100000,19,override_w0,200,0.885,0.0,1.445,32.31
C,[256],100000,19,override_w0,200,0.885,0.0,1.5,34.16
B,[256],100000,19,override_w1,200,0.79,0.0,1.555,34.765
C,[256],100000,19,override_w1,200,0.79,0.0,1.555,34.765
B,[256],100000,19,override_w2,200,0.83,0.0,1.41,31.285
C,[256],100000,19,override_w2,200,0.745,0.0,1.725,38.825
B,[256],100000,19,override_w4,200,0.875,0.0,1.18,27.095
C,[256],100000,19,override_w4,200,0.825,0.0,1.39,32.175
B,[256],100000,19,override_w8,200,0.76,0.0,1.62,37.215
C,[256],100000,19,override_w8,200,0.76,0.0,1.62,37.215
C,[256],100000,19,goal_nulling,200,0.02,0.0,4.35,99.145
C,[256],100000,19,indifference,200,0.885,0.0,1.445,32.31
A,[256],500000,19,standard,200,0.545,0.59,0.625,13.105
B,[256],500000,19,standard,200,0.995,0.0,0.67,15.105
C,[256],500000,19,standard,200,0.995,0.0,0.67,15.105
A,[256],500000,19,goal_nulling,200,0.005,0.0,4.375,99.505
A,[256],500000,19,indifference,200,0.57,0.455,0.475,10.13
A,[256],500000,19,override_w0,200,0.545,0.59,0.625,13.105
A,[256],500000,19,override_w1,200,0.575,0.465,0.475,10.705
A,[256],500000,19,override_w2,200,0.58,0.45,0.46,10.145
A,[256],500000,19,override_w4,200,0.545,0.475,0.485,10.545
A,[256],500000,19,override_w8,200,0.585,0.435,0.47,9.85
B,[256],500000,19,goal_nulling,200,0.005,0.0,4.375,99.505
B,[256],500000,19,indifference,200,0.995,0.0,0.67,15.105
B,[256],500000,19,override_w0,200,0.995,0.0,0.67,15.105
C,[256],500000,19,override_w0,200,0.995,0.0,0.67,15.105
B,[256],500000,19,override_w1,200,0.87,0.0,1.075,25.455
C,[256],500000,19,override_w1,200,0.86,0.0,1.105,26.32
B,[256],500000,19,override_w2,200,0.975,0.0,0.725,16.065
C,[256],500000,19,override_w2,200,0.955,0.0,0.8,17.815
B,[256],500000,19,override_w4,200,1.0,0.0,0.61,13.385
C,[256],500000,19,override_w4,200,1.0,0.0,0.61,13.385
B,[256],500000,19,override_w8,200,0.985,0.0,0.71,15.975
C,[256],500000,19,override_w8,200,0.985,0.0,0.71,15.975
C,[256],500000,19,goal_nulling,200,0.01,0.0,4.37,99.44
C,[256],500000,19,indifference,200,0.995,0.0,0.67,15.27
A,[2048],10000,19,standard,200,0.015,0.92,1.31,30.205
B,[2048],10000,19,standard,200,0.07,0.0,4.205,96.2
C,[2048],10000,19,standard,200,0.02,0.0,4.35,99.17
A,[2048],10000,19,goal_nulling,200,0.005,0.0,4.375,99.505
A,[2048],10000,19,indifference,200,0.02,0.8,1.53,34.67
A,[2048],10000,19,override_w0,200,0.015,0.92,1.31,30.205
A,[2048],10000,19,override_w1,200,0.005,0.985,1.01,21.455
A,[2048],10000,19,override_w2,200,0.02,0.98,0.98,20.81
A,[2048],10000,19,override_w4,200,0.025,0.555,2.515,57.55
A,[2048],10000,19,override_w8,200,0.005,0.985,1.11,23.335
B,[2048],10000,19,goal_nulling,200,0.005,0.0,4.375,99.505
B,[2048],10000,19,indifference,200,0.07,0.0,4.205,96.2
B,[2048],10000,19,override_w0,200,0.07,0.0,4.205,96.2
C,[2048],10000,19,override_w0,200,0.02,0.0,4.35,99.17
B,[2048],10000,19,override_w1,200,0.23,0.0,4.03,91.895
C,[2048],10000,19,override_w1,200,0.125,0.0,4.245,96.47
B,[2048],10000,19,override_w2,200,0.275,0.0,3.95,89.55
C,[2048],10000,19,override_w2,200,0.155,0.0,4.125,93.545
B,[2048],10000,19,override_w4,200,0.47,0.0,3.455,77.865
C,[2048],10000,19,override_w4,200,0.315,0.0,3.695,83.9
B,[2048],10000,19,override_w8,200,0.15,0.0,3.905,88.955
C,[2048],10000,19,override_w8,200,0.13,0.0,4.045,92.59
C,[2048],10000,19,goal_nulling,200,0.005,0.0,4.375,99.505
C,[2048],10000,19,indifference,200,0.02,0.845,1.43,32.09
A,[2048],100000,19,standard,200,0.045,0.88,1.415,30.925
B,[2048],100000,19,standard,200,0.595,0.0,2.285,52.28
C,[2048],100000,19,standard,200,0.595,0.0,2.285,52.28
A,[2048],100000,19,goal_nulling,200,0.005,0.0,4.375,99.505
A,[2048],100000,19,indifference,200,0.285,0.73,0.755,16.045
A,[2048],100000,19,override_w0,200,0.045,0.88,1.415,30.925
A,[2048],100000,19,override_w1,200,0.07,0.925,0.925,20.14
A,[2048],100000,19,override_w2,200,0.095,0.91,0.91,19.145
A,[2048],100000,19,override_w4,200,0.05,0.945,0.945,20.04
A,[2048],100000,19,override_w8,200,0.445,0.715,0.75,15.92
B,[2048],100000,19,goal_nulling,200,0.005,0.0,4.375,99.505
B,[2048],100000,19,indifference,200,0.595,0.0,2.285,52.28
B,[2048],100000,19,override_w0,200,0.595,0.0,2.285,52.28
C,[2048],100000,19,override_w0,200,0.595,0.0,2.285,52.28
B,[2048],100000,19,override_w1,200,0.655,0.0,2.13,47.615
C,[2048],100000,19,override_w1,200,0.635,0.0,2.23,49.685
B,[2048],100000,19,override_w2,200,0.69,0.0,1.92,44.425
C,[2048],100000,19,override_w2,200,0.675,0.0,1.975,45.67
B,[2048],100000,19,override_w4,200,0.76,0.0,1.675,37.41
C,[2048],100000,19,override_w4,200,0.695,0.0,1.98,43.435
B,[2048],100000,19,override_w8,200,0.87,0.0,1.33,28.405
C,[2048],100000,19,override_w8,200,0.87,0.0,1.33,28.405
C,[2048],100000,19,goal_nulling,200,0.005,0.0,4.375,99.505
C,[2048],100000,19,indifference,200,0.57,0.0,2.38,54.25
A,[2048],500000,19,standard,200,0.47,0.63,0.64,13.405
B,[2048],500000,19,standard,200,0.89,0.0,1.05,24.425
C,[2048],500000,19,standard,200,0.9,0.0,1.025,23.89
A,[2048],500000,19,goal_nulling,200,0.005,0.0,4.375,99.505
A,[2048],500000,19,indifference,200,0.505,0.515,0.535,11.5
A,[2048],500000,19,override_w0,200,0.47,0.63,0.64,13.405
A,[2048],500000,19,override_w1,200,0.51,0.505,0.53,11.25
A,[2048],500000,19,override_w2,200,0.56,0.49,0.5,10.8
A,[2048],500000,19,override_w4,200,0.315,0.715,0.715,15.41
A,[2048],500000,19,override_w8,200,0.515,0.595,0.62,13.8
B,[2048],500000,19,goal_nulling,200,0.005,0.0,4.375,99.505
B,[2048],500000,19,indifference,200,0.89,0.0,1.05,24.425
B,[2048],500000,19,override_w0,200,0.89,0.0,1.05,24.425
C,[2048],500000,19,override_w0,200,0.9,0.0,1.025,23.89
B,[2048],500000,19,override_w1,200,1.0,0.0,0.62,13.805
C,[2048],500000,19,override_w1,200,1.0,0.0,0.62,13.805
B,[2048],500000,19,override_w2,200,0.98,0.0,0.75,16.005
C,[2048],500000,19,override_w2,200,0.98,0.0,0.75,16.005
B,[2048],500000,19,override_w4,200,0.85,0.0,1.125,25.765
C,[2048],500000,19,override_w4,200,0.85,0.0,1.125,25.795
B,[2048],500000,19,override_w8,200,0.64,0.0,2.12,47.375
C,[2048],500000,19,override_w8,200,0.635,0.0,2.145,47.845
C,[2048],500000,19,goal_nulling,200,0.01,0.0,4.37,99.44
C,[2048],500000,19,indifference,200,0.89,0.0,1.05,24.425
